Municipio,CodIbge,Estado,2008,2009,2010,2011,2012,2013,2014,2015,2016,2017,2018,2019
Acrelândia,120001,AC,0.0,7.0,154.0,72.0,2.0,7.0,5.0,0.0,0.0,4.0,3.0,1.0
Assis Brasil,120005,AC,2.0,2.0,2.0,0.0,4.0,4.0,4.0,1.0,3.0,0.0,0.0,2.0
Brasiléia,120010,AC,1.0,63.0,27.0,8.0,41.0,25.0,11.0,14.0,19.0,7.0,9.0,16.0
Bujari,120013,AC,1.0,1.0,2.0,2.0,0.0,1.0,0.0,0.0,0.0,0.0,0.0,0.0
Capixaba,120017,AC,3.0,5.0,7.0,4.0,5.0,3.0,2.0,1.0,4.0,0.0,3.0,3.0
Cruzeiro do Sul,120020,AC,3.0,4.0,10.0,13.0,1.0,2.0,539.0,249.0,16.0,12.0,13.0,99.0
Epitaciolândia,120025,AC,1.0,46.0,13.0,10.0,23.0,10.0,2.0,9.0,8.0,3.0,4.0,13.0
Feijó,120030,AC,0.0,2.0,1.0,5.0,0.0,1.0,0.0,0.0,0.0,0.0,4.0,0.0
Jordão,120032,AC,0.0,0.0,0.0,1.0,0.0,0.0,0.0,0.0,0.0,0.0,0.0,0.0
Mâncio Lima,120033,AC,0.0,0.0,0.0,2.0,0.0,0.0,5.0,9.0,5.0,3.0,1.0,9.0
Manoel Urbano,120034,AC,1.0,1.0,6.0,4.0,2.0,2.0,2.0,0.0,0.0,2.0,0.0,1.0
Marechal Thaumaturgo,120035,AC,0.0,0.0,0.0,0.0,0.0,0.0,2.0,0.0,0.0,2.0,0.0,0.0
Plácido de Castro,120038,AC,1.0,1.0,8.0,14.0,16.0,25.0,9.0,4.0,3.0,5.0,7.0,2.0
Porto Acre,120080,AC,0.0,9.0,5.0,2.0,2.0,0.0,0.0,0.0,0.0,0.0,0.0,0.0
Porto Walter,120039,AC,0.0,1.0,0.0,0.0,0.0,0.0,1.0,2.0,0.0,1.0,2.0,4.0
Rio Branco,120040,AC,106.0,429.0,367.0,193.0,52.0,39.0,21.0,19.0,13.0,10.0,16.0,23.0
Rodrigues Alves,120042,AC,0.0,0.0,0.0,1.0,0.0,0.0,33.0,13.0,4.0,0.0,3.0,16.0
Santa Rosa do Purus,120043,AC,0.0,0.0,1.0,1.0,0.0,2.0,0.0,0.0,0.0,0.0,0.0,0.0
Sena Madureira,120050,AC,19.0,39.0,69.0,41.0,12.0,56.0,19.0,10.0,11.0,10.0,83.0,26.0
Senador Guiomard,120045,AC,5.0,19.0,50.0,68.0,46.0,21.0,7.0,17.0,19.0,3.0,34.0,11.0
Tarauacá,120060,AC,0.0,1.0,3.0,2.0,0.0,2.0,2.0,1.0,2.0,0.0,3.0,25.0
Xapuri,120070,AC,7.0,22.0,29.0,12.0,19.0,48.0,6.0,2.0,2.0,17.0,22.0,26.0
Amapá,160010,AP,0.0,0.0,1.0,0.0,1.0,0.0,0.0,0.0,,,0.0,
Calçoene,160020,AP,0.0,4.0,44.0,2.0,1.0,2.0,5.0,42.0,,,0.0,
Ferreira Gomes,160023,AP,1.0,0.0,0.0,0.0,0.0,0.0,1.0,1.0,,,0.0,
Itaubal,160025,AP,0.0,0.0,1.0,0.0,0.0,0.0,0.0,0.0,,,0.0,
Laranjal do Jari,160027,AP,2.0,1.0,1.0,8.0,5.0,0.0,35.0,7.0,,,13.0,
Macapá,160030,AP,126.0,102.0,105.0,125.0,90.0,45.0,15.0,51.0,,,15.0,
Mazagão,160040,AP,0.0,0.0,0.0,2.0,2.0,1.0,1.0,2.0,,,1.0,
Oiapoque,160050,AP,12.0,2.0,6.0,1.0,2.0,6.0,24.0,3.0,,,0.0,
Pedra Branca do Amapari,160015,AP,0.0,0.0,0.0,1.0,1.0,2.0,0.0,0.0,,,1.0,
Porto Grande,160053,AP,0.0,5.0,9.0,45.0,10.0,18.0,12.0,61.0,,,2.0,
Santana,160060,AP,24.0,18.0,38.0,44.0,35.0,13.0,19.0,22.0,,,4.0,
Serra do Navio,160005,AP,0.0,1.0,0.0,0.0,0.0,0.0,0.0,0.0,,,0.0,
Tartarugalzinho,160070,AP,0.0,0.0,0.0,0.0,0.0,0.0,0.0,1.0,,,0.0,
Vitória do Jari,160080,AP,1.0,0.0,0.0,1.0,0.0,0.0,0.0,1.0,,,0.0,
Alvarães,130002,AM,1.0,0.0,0.0,0.0,0.0,0.0,0.0,0.0,0.0,0.0,1.0,0.0
Amaturá,130006,AM,0.0,0.0,0.0,0.0,0.0,0.0,1.0,0.0,0.0,0.0,0.0,0.0
Anamã,130008,AM,16.0,0.0,0.0,0.0,0.0,0.0,1.0,0.0,1.0,0.0,0.0,0.0
Apuí,130014,AM,0.0,0.0,0.0,0.0,0.0,0.0,0.0,0.0,0.0,0.0,0.0,0.0
Atalaia do Norte,130020,AM,0.0,0.0,0.0,0.0,0.0,0.0,0.0,0.0,0.0,0.0,1.0,0.0
Autazes,130030,AM,0.0,0.0,0.0,1.0,0.0,0.0,0.0,0.0,0.0,0.0,0.0,0.0
Barcelos,130040,AM,9.0,7.0,51.0,8.0,2.0,0.0,1.0,3.0,0.0,0.0,0.0,0.0
Barreirinha,130050,AM,0.0,0.0,0.0,0.0,0.0,0.0,0.0,0.0,1.0,0.0,1.0,0.0
Benjamin Constant,130060,AM,0.0,0.0,0.0,0.0,0.0,0.0,0.0,0.0,0.0,2.0,0.0,3.0
Boa Vista do Ramos,130068,AM,0.0,0.0,0.0,2.0,0.0,0.0,0.0,0.0,0.0,0.0,0.0,0.0
Boca do Acre,130070,AM,4.0,2.0,9.0,56.0,6.0,22.0,10.0,15.0,10.0,11.0,7.0,17.0
Borba,130080,AM,0.0,0.0,0.0,0.0,4.0,12.0,1.0,3.0,4.0,0.0,0.0,1.0
Caapiranga,130083,AM,0.0,1.0,0.0,0.0,0.0,0.0,0.0,0.0,0.0,0.0,0.0,0.0
Canutama,130090,AM,0.0,0.0,0.0,0.0,0.0,0.0,0.0,0.0,0.0,1.0,0.0,0.0
Carauari,130100,AM,0.0,0.0,0.0,0.0,0.0,0.0,0.0,1.0,0.0,0.0,0.0,3.0
Careiro,130110,AM,0.0,0.0,0.0,11.0,0.0,0.0,2.0,1.0,0.0,1.0,0.0,0.0
Careiro da Várzea,130115,AM,0.0,0.0,0.0,1.0,0.0,1.0,0.0,0.0,0.0,0.0,1.0,0.0
Coari,130120,AM,12.0,15.0,22.0,10.0,0.0,3.0,1.0,0.0,5.0,4.0,1.0,1.0
Codajás,130130,AM,1.0,1.0,1.0,1.0,0.0,0.0,0.0,0.0,0.0,7.0,0.0,0.0
Eirunepé,130140,AM,0.0,0.0,0.0,0.0,0.0,0.0,0.0,0.0,0.0,0.0,0.0,2.0
Envira,130150,AM,0.0,0.0,0.0,1.0,0.0,1.0,0.0,0.0,1.0,0.0,0.0,0.0
Fonte Boa,130160,AM,0.0,0.0,0.0,0.0,0.0,0.0,0.0,1.0,0.0,0.0,0.0,0.0
Guajará,130165,AM,0.0,0.0,1.0,0.0,0.0,0.0,16.0,39.0,4.0,1.0,1.0,58.0
Humaitá,130170,AM,0.0,2.0,0.0,0.0,1.0,0.0,0.0,1.0,0.0,0.0,0.0,1.0
Ipixuna,130180,AM,1.0,0.0,0.0,0.0,0.0,0.0,0.0,2.0,0.0,0.0,0.0,0.0
Iranduba,130185,AM,1.0,0.0,0.0,3.0,0.0,1.0,0.0,2.0,2.0,1.0,1.0,2.0
Itacoatiara,130190,AM,7.0,0.0,1.0,11.0,3.0,6.0,39.0,16.0,0.0,0.0,1.0,0.0
Itamarati,130195,AM,1.0,0.0,0.0,0.0,0.0,0.0,1.0,0.0,0.0,0.0,0.0,0.0
Itapiranga,130200,AM,0.0,0.0,0.0,0.0,0.0,0.0,0.0,1.0,0.0,0.0,0.0,0.0
Japurá,130210,AM,0.0,0.0,0.0,1.0,0.0,0.0,0.0,0.0,0.0,0.0,0.0,0.0
Juruá,130220,AM,0.0,0.0,1.0,0.0,0.0,0.0,0.0,0.0,0.0,0.0,0.0,0.0
Jutaí,130230,AM,0.0,0.0,0.0,4.0,0.0,0.0,0.0,0.0,0.0,0.0,0.0,0.0
Lábrea,130240,AM,4.0,0.0,3.0,8.0,1.0,1.0,2.0,1.0,0.0,0.0,1.0,0.0
Manacapuru,130250,AM,7.0,0.0,10.0,11.0,7.0,5.0,2.0,4.0,3.0,5.0,0.0,0.0
Manaus,130260,AM,804.0,185.0,550.0,1631.0,195.0,386.0,93.0,109.0,88.0,41.0,30.0,37.0
Manicoré,130270,AM,0.0,0.0,0.0,0.0,1.0,0.0,0.0,1.0,0.0,0.0,0.0,1.0
Maraã,130280,AM,0.0,0.0,0.0,13.0,0.0,0.0,0.0,0.0,0.0,0.0,0.0,0.0
Maués,130290,AM,0.0,0.0,19.0,20.0,0.0,5.0,0.0,60.0,117.0,15.0,5.0,0.0
Nova Olinda do Norte,130310,AM,0.0,0.0,1.0,6.0,0.0,0.0,0.0,0.0,0.0,0.0,0.0,0.0
Novo Airão,130320,AM,0.0,0.0,1.0,1.0,0.0,0.0,0.0,0.0,0.0,0.0,0.0,0.0
Novo Aripuanã,130330,AM,1.0,0.0,0.0,0.0,0.0,1.0,0.0,11.0,0.0,0.0,0.0,0.0
Parintins,130340,AM,7.0,2.0,2.0,0.0,0.0,0.0,0.0,5.0,0.0,1.0,0.0,0.0
Pauini,130350,AM,0.0,1.0,0.0,0.0,0.0,0.0,0.0,1.0,0.0,0.0,0.0,0.0
Presidente Figueiredo,130353,AM,0.0,2.0,5.0,18.0,3.0,5.0,1.0,3.0,4.0,0.0,0.0,1.0
Rio Preto da Eva,130356,AM,2.0,0.0,1.0,8.0,0.0,1.0,0.0,0.0,0.0,0.0,0.0,1.0
Santa Isabel do Rio Negro,130360,AM,0.0,2.0,4.0,0.0,2.0,0.0,0.0,0.0,0.0,0.0,0.0,0.0
Santo Antônio do Içá,130370,AM,0.0,0.0,0.0,0.0,0.0,3.0,0.0,0.0,0.0,0.0,0.0,0.0
Silves,130400,AM,0.0,0.0,3.0,0.0,0.0,0.0,1.0,1.0,1.0,0.0,0.0,1.0
São Gabriel da Cachoeira,130380,AM,0.0,0.0,9.0,3.0,0.0,0.0,0.0,0.0,0.0,0.0,3.0,4.0
São Paulo de Olivença,130390,AM,0.0,0.0,0.0,0.0,0.0,0.0,0.0,2.0,0.0,0.0,0.0,0.0
Tabatinga,130406,AM,0.0,0.0,0.0,1.0,3.0,6.0,9.0,7.0,1.0,1.0,0.0,3.0
Tapauá,130410,AM,3.0,0.0,0.0,0.0,0.0,0.0,0.0,8.0,13.0,13.0,0.0,0.0
Tefé,130420,AM,0.0,0.0,7.0,23.0,2.0,27.0,20.0,21.0,6.0,8.0,5.0,6.0
Urucurituba,0,AM,,,,,,,,,,,,
Açailândia,210005,MA,65.0,46.0,47.0,47.0,6.0,18.0,16.0,69.0,8.0,14.0,3.0,10.0
Afonso Cunha,210010,MA,0.0,0.0,0.0,0.0,0.0,0.0,6.0,7.0,42.0,0.0,1.0,4.0
Água Doce do Maranhão,210015,MA,2.0,1.0,2.0,4.0,6.0,3.0,45.0,25.0,3.0,1.0,1.0,0.0
Alcântara,210020,MA,6.0,2.0,0.0,2.0,1.0,1.0,1.0,3.0,0.0,1.0,1.0,3.0
Aldeias Altas,210030,MA,23.0,161.0,22.0,7.0,0.0,27.0,56.0,145.0,276.0,208.0,77.0,24.0
Altamira do Maranhão,210040,MA,3.0,0.0,0.0,0.0,0.0,0.0,2.0,0.0,0.0,0.0,0.0,0.0
Alto Alegre do Maranhão,210043,MA,2.0,2.0,2.0,1.0,5.0,3.0,2.0,1.0,14.0,1.0,0.0,5.0
Alto Alegre do Pindaré,210047,MA,5.0,2.0,138.0,210.0,72.0,144.0,92.0,108.0,17.0,17.0,13.0,21.0
Alto Parnaíba,210050,MA,1.0,0.0,2.0,2.0,34.0,4.0,0.0,1.0,11.0,0.0,7.0,5.0
Amapá do Maranhão,210055,MA,0.0,2.0,0.0,2.0,1.0,0.0,3.0,0.0,0.0,0.0,0.0,0.0
Amarante do Maranhão,210060,MA,49.0,4.0,9.0,23.0,21.0,11.0,8.0,25.0,30.0,16.0,19.0,124.0
Anajatuba,210070,MA,0.0,0.0,25.0,42.0,30.0,2.0,1.0,0.0,6.0,2.0,0.0,0.0
Anapurus,210080,MA,4.0,9.0,35.0,32.0,9.0,28.0,4.0,3.0,5.0,3.0,10.0,31.0
Apicum-Açu,210083,MA,0.0,0.0,1.0,3.0,0.0,0.0,41.0,26.0,17.0,2.0,3.0,1.0
Araguanã,210087,MA,5.0,3.0,0.0,1.0,2.0,3.0,10.0,8.0,14.0,13.0,2.0,1.0
Araioses,210090,MA,87.0,6.0,4.0,26.0,66.0,0.0,21.0,90.0,4.0,14.0,1.0,7.0
Arame,210095,MA,47.0,0.0,0.0,0.0,0.0,0.0,0.0,0.0,27.0,21.0,1.0,3.0
Arari,210100,MA,1.0,10.0,1.0,1.0,2.0,1.0,2.0,1.0,0.0,1.0,1.0,0.0
Axixá,210110,MA,5.0,0.0,0.0,0.0,0.0,0.0,0.0,0.0,1.0,0.0,0.0,1.0
Bacabal,210120,MA,31.0,10.0,10.0,31.0,38.0,11.0,6.0,5.0,49.0,13.0,1.0,0.0
Bacabeira,210125,MA,1.0,1.0,0.0,0.0,0.0,0.0,0.0,0.0,2.0,0.0,0.0,0.0
Bacuri,210130,MA,0.0,0.0,20.0,53.0,33.0,45.0,40.0,10.0,13.0,29.0,3.0,0.0
Balsas,210140,MA,2.0,0.0,4.0,20.0,31.0,26.0,12.0,21.0,16.0,14.0,3.0,26.0
Barão de Grajaú,210150,MA,23.0,35.0,213.0,54.0,57.0,16.0,2.0,1.0,19.0,21.0,9.0,34.0
Barra do Corda,210160,MA,12.0,20.0,2.0,33.0,11.0,6.0,3.0,29.0,27.0,2.0,2.0,21.0
Barreirinhas,210170,MA,2.0,0.0,0.0,38.0,5.0,1.0,4.0,3.0,1.0,1.0,0.0,1.0
Bela Vista do Maranhão,210177,MA,0.0,0.0,2.0,2.0,1.0,0.0,1.0,16.0,26.0,25.0,5.0,17.0
Belágua,210173,MA,0.0,0.0,0.0,1.0,0.0,0.0,0.0,0.0,1.0,1.0,0.0,0.0
Benedito Leite,210180,MA,0.0,1.0,11.0,19.0,39.0,9.0,2.0,6.0,1.0,2.0,0.0,2.0
Bequimão,210190,MA,29.0,0.0,2.0,49.0,15.0,6.0,4.0,16.0,11.0,0.0,3.0,1.0
Bernardo do Mearim,210193,MA,0.0,1.0,3.0,1.0,3.0,4.0,12.0,2.0,2.0,2.0,2.0,0.0
Boa Vista do Gurupi,210197,MA,1.0,1.0,0.0,1.0,0.0,1.0,1.0,0.0,55.0,0.0,0.0,0.0
Bom Jardim,210200,MA,44.0,12.0,34.0,127.0,86.0,31.0,19.0,53.0,83.0,15.0,3.0,8.0
Bom Jesus das Selvas,210203,MA,2.0,4.0,9.0,13.0,46.0,10.0,5.0,2.0,2.0,7.0,3.0,11.0
Bom Lugar,210207,MA,0.0,1.0,0.0,3.0,2.0,1.0,0.0,0.0,0.0,0.0,0.0,0.0
Brejo,210210,MA,172.0,56.0,167.0,285.0,147.0,14.0,17.0,185.0,124.0,8.0,1.0,1.0
Brejo de Areia,210215,MA,2.0,0.0,0.0,1.0,2.0,0.0,0.0,1.0,0.0,1.0,2.0,0.0
Buriti,210220,MA,0.0,0.0,0.0,5.0,0.0,1.0,1.0,1.0,5.0,2.0,0.0,2.0
Buriti Bravo,210230,MA,8.0,58.0,13.0,69.0,24.0,31.0,10.0,62.0,116.0,2.0,3.0,9.0
Buriticupu,210232,MA,2.0,7.0,56.0,87.0,27.0,26.0,28.0,49.0,56.0,0.0,12.0,5.0
Buritirana,210235,MA,1.0,0.0,1.0,1.0,1.0,2.0,1.0,0.0,1.0,0.0,1.0,2.0
Cachoeira Grande,210237,MA,0.0,0.0,1.0,0.0,1.0,1.0,0.0,0.0,0.0,1.0,0.0,0.0
Cajapió,210240,MA,0.0,2.0,2.0,2.0,6.0,4.0,0.0,1.0,1.0,0.0,1.0,4.0
Cajari,210250,MA,2.0,8.0,0.0,0.0,0.0,0.0,0.0,0.0,1.0,1.0,0.0,0.0
Campestre do Maranhão,210255,MA,9.0,9.0,12.0,9.0,2.0,4.0,0.0,3.0,2.0,0.0,1.0,7.0
Cândido Mendes,210260,MA,2.0,0.0,4.0,12.0,21.0,0.0,21.0,1.0,1.0,5.0,2.0,3.0
Cantanhede,210270,MA,1.0,0.0,3.0,26.0,47.0,72.0,50.0,21.0,5.0,3.0,0.0,0.0
Capinzal do Norte,210275,MA,3.0,10.0,0.0,11.0,3.0,3.0,0.0,2.0,11.0,0.0,0.0,3.0
Carolina,210280,MA,35.0,1.0,14.0,27.0,13.0,51.0,48.0,31.0,34.0,21.0,10.0,1.0
Carutapera,210290,MA,0.0,0.0,0.0,0.0,0.0,0.0,1.0,1.0,2.0,1.0,0.0,1.0
Caxias,210300,MA,19.0,20.0,21.0,39.0,25.0,11.0,6.0,7.0,27.0,4.0,0.0,10.0
Cedral,210310,MA,1.0,0.0,0.0,0.0,0.0,2.0,2.0,1.0,0.0,0.0,10.0,20.0
Central do Maranhão,210312,MA,0.0,9.0,6.0,1.0,0.0,15.0,43.0,29.0,16.0,0.0,0.0,0.0
Centro do Guilherme,210315,MA,1.0,0.0,1.0,0.0,1.0,2.0,2.0,2.0,1.0,1.0,0.0,0.0
Centro Novo do Maranhão,210317,MA,1.0,1.0,0.0,3.0,1.0,0.0,1.0,0.0,1.0,1.0,0.0,1.0
Chapadinha,210320,MA,13.0,19.0,13.0,45.0,10.0,2.0,1.0,14.0,30.0,1.0,0.0,7.0
Cidelândia,210325,MA,31.0,20.0,23.0,51.0,0.0,1.0,3.0,4.0,3.0,4.0,10.0,18.0
Codó,210330,MA,15.0,15.0,4.0,8.0,1.0,2.0,1.0,1.0,1.0,2.0,2.0,4.0
Coelho Neto,210340,MA,7.0,4.0,2.0,35.0,20.0,7.0,3.0,1.0,3.0,0.0,1.0,1.0
Colinas,210350,MA,0.0,3.0,0.0,2.0,4.0,5.0,1.0,13.0,200.0,44.0,7.0,140.0
Conceição do Lago-Açu,210355,MA,0.0,2.0,0.0,0.0,0.0,0.0,1.0,0.0,1.0,1.0,1.0,0.0
Coroatá,210360,MA,8.0,6.0,6.0,24.0,17.0,3.0,0.0,1.0,3.0,0.0,1.0,0.0
Cururupu,210370,MA,0.0,0.0,5.0,7.0,1.0,0.0,0.0,0.0,1.0,0.0,0.0,0.0
Davinópolis,210375,MA,1.0,0.0,5.0,3.0,2.0,0.0,0.0,0.0,0.0,1.0,1.0,0.0
Dom Pedro,210380,MA,9.0,2.0,3.0,34.0,92.0,42.0,11.0,29.0,42.0,6.0,1.0,10.0
Duque Bacelar,210390,MA,13.0,3.0,1.0,57.0,26.0,7.0,9.0,0.0,3.0,1.0,2.0,1.0
Esperantinópolis,210400,MA,5.0,4.0,14.0,33.0,24.0,11.0,17.0,26.0,35.0,4.0,1.0,3.0
Estreito,210405,MA,84.0,18.0,16.0,126.0,15.0,17.0,18.0,18.0,29.0,38.0,7.0,20.0
Feira Nova do Maranhão,210407,MA,3.0,6.0,25.0,74.0,38.0,31.0,14.0,3.0,6.0,9.0,2.0,63.0
Fernando Falcão,210408,MA,0.0,0.0,0.0,0.0,0.0,1.0,0.0,55.0,44.0,5.0,0.0,1.0
Formosa da Serra Negra,210409,MA,3.0,3.0,0.0,0.0,1.0,5.0,0.0,0.0,3.0,8.0,1.0,16.0
Fortaleza dos Nogueiras,210410,MA,30.0,1.0,2.0,4.0,7.0,46.0,9.0,1.0,37.0,95.0,21.0,4.0
Fortuna,210420,MA,11.0,9.0,13.0,23.0,29.0,1.0,11.0,2.0,25.0,3.0,0.0,10.0
Godofredo Viana,210430,MA,1.0,0.0,0.0,0.0,0.0,0.0,0.0,0.0,0.0,0.0,0.0,1.0
Gonçalves Dias,210440,MA,6.0,58.0,9.0,66.0,68.0,7.0,0.0,1.0,104.0,3.0,3.0,18.0
Governador Archer,210450,MA,13.0,27.0,11.0,37.0,5.0,4.0,19.0,5.0,34.0,1.0,0.0,2.0
Governador Edison Lobão,210455,MA,10.0,5.0,12.0,11.0,2.0,3.0,2.0,5.0,10.0,0.0,1.0,7.0
Governador Eugênio Barros,210460,MA,7.0,2.0,3.0,35.0,14.0,33.0,12.0,18.0,26.0,6.0,0.0,28.0
Governador Luiz Rocha,210462,MA,3.0,0.0,0.0,2.0,12.0,0.0,0.0,1.0,4.0,13.0,0.0,18.0
Governador Newton Bello,210465,MA,0.0,1.0,2.0,0.0,0.0,0.0,6.0,0.0,2.0,0.0,10.0,32.0
Governador Nunes Freire,210467,MA,24.0,10.0,13.0,33.0,6.0,4.0,17.0,19.0,11.0,1.0,7.0,10.0
Graça Aranha,210470,MA,45.0,25.0,15.0,30.0,46.0,27.0,9.0,112.0,189.0,204.0,0.0,6.0
Grajaú,210480,MA,12.0,0.0,6.0,8.0,10.0,13.0,14.0,48.0,175.0,8.0,3.0,11.0
Guimarães,210490,MA,0.0,1.0,9.0,87.0,103.0,17.0,12.0,32.0,16.0,0.0,0.0,0.0
Humberto de Campos,210500,MA,0.0,0.0,0.0,1.0,1.0,0.0,0.0,0.0,1.0,0.0,0.0,0.0
Icatu,210510,MA,2.0,0.0,0.0,4.0,5.0,2.0,0.0,0.0,0.0,0.0,0.0,0.0
Igarapé do Meio,210515,MA,0.0,0.0,0.0,6.0,19.0,8.0,13.0,40.0,29.0,5.0,1.0,2.0
Igarapé Grande,210520,MA,2.0,1.0,0.0,1.0,0.0,14.0,0.0,0.0,0.0,0.0,1.0,9.0
Imperatriz,210530,MA,179.0,29.0,24.0,94.0,14.0,6.0,21.0,16.0,37.0,12.0,4.0,50.0
Itaipava do Grajaú,210535,MA,0.0,0.0,1.0,0.0,1.0,19.0,1.0,26.0,59.0,2.0,0.0,6.0
Itapecuru Mirim,210540,MA,3.0,0.0,0.0,6.0,4.0,33.0,29.0,92.0,101.0,59.0,0.0,6.0
Itinga do Maranhão,210542,MA,4.0,19.0,11.0,76.0,87.0,130.0,142.0,143.0,179.0,69.0,8.0,15.0
Jatobá,210545,MA,0.0,0.0,0.0,0.0,8.0,6.0,3.0,7.0,13.0,5.0,0.0,23.0
Jenipapo dos Vieiras,210547,MA,0.0,0.0,0.0,0.0,0.0,0.0,0.0,10.0,6.0,2.0,0.0,11.0
João Lisboa,210550,MA,31.0,48.0,18.0,30.0,13.0,35.0,22.0,15.0,20.0,8.0,2.0,9.0
Joselândia,210560,MA,2.0,12.0,8.0,11.0,18.0,7.0,26.0,15.0,109.0,13.0,1.0,15.0
Junco do Maranhão,210565,MA,2.0,1.0,1.0,1.0,0.0,0.0,3.0,7.0,0.0,0.0,0.0,1.0
Lago da Pedra,210570,MA,21.0,21.0,21.0,18.0,0.0,12.0,5.0,0.0,15.0,8.0,2.0,13.0
Lago do Junco,210580,MA,22.0,40.0,32.0,35.0,33.0,48.0,33.0,26.0,2.0,3.0,0.0,4.0
Lago dos Rodrigues,210594,MA,2.0,1.0,47.0,73.0,4.0,3.0,0.0,0.0,0.0,0.0,2.0,5.0
Lago Verde,210590,MA,21.0,1.0,7.0,1.0,1.0,30.0,7.0,6.0,2.0,4.0,0.0,1.0
Lagoa do Mato,210592,MA,1.0,0.0,0.0,0.0,0.0,2.0,1.0,3.0,1.0,1.0,1.0,1.0
Lagoa Grande do Maranhão,210596,MA,0.0,13.0,5.0,1.0,5.0,0.0,0.0,0.0,1.0,0.0,1.0,18.0
Lajeado Novo,210598,MA,5.0,2.0,3.0,4.0,3.0,2.0,0.0,0.0,0.0,2.0,0.0,3.0
Lima Campos,210600,MA,0.0,2.0,9.0,13.0,12.0,5.0,1.0,0.0,2.0,2.0,0.0,1.0
Loreto,210610,MA,0.0,18.0,5.0,18.0,9.0,0.0,0.0,1.0,0.0,51.0,1.0,1.0
Luís Domingues,210620,MA,0.0,0.0,0.0,0.0,0.0,0.0,0.0,0.0,1.0,0.0,0.0,0.0
Magalhães de Almeida,210630,MA,22.0,3.0,1.0,2.0,2.0,2.0,2.0,1.0,2.0,0.0,1.0,1.0
Maracaçumé,210632,MA,8.0,3.0,2.0,10.0,5.0,3.0,2.0,19.0,3.0,1.0,19.0,5.0
Marajá do Sena,210635,MA,0.0,0.0,0.0,0.0,0.0,0.0,0.0,0.0,0.0,0.0,0.0,2.0
Maranhãozinho,210637,MA,1.0,1.0,6.0,2.0,0.0,1.0,6.0,0.0,27.0,0.0,0.0,1.0
Mata Roma,210640,MA,1.0,3.0,1.0,0.0,3.0,4.0,2.0,1.0,11.0,2.0,0.0,26.0
Matinha,210650,MA,0.0,0.0,2.0,23.0,2.0,0.0,0.0,2.0,6.0,0.0,0.0,1.0
Matões,210660,MA,83.0,40.0,98.0,91.0,17.0,38.0,21.0,71.0,35.0,8.0,2.0,4.0
Matões do Norte,210663,MA,0.0,0.0,0.0,0.0,0.0,1.0,0.0,0.0,2.0,1.0,0.0,0.0
Milagres do Maranhão,210667,MA,1.0,0.0,5.0,16.0,3.0,2.0,4.0,2.0,2.0,1.0,0.0,0.0
Mirador,210670,MA,60.0,46.0,3.0,6.0,11.0,1.0,5.0,19.0,18.0,23.0,3.0,3.0
Miranda do Norte,210675,MA,15.0,0.0,1.0,15.0,32.0,3.0,0.0,1.0,5.0,0.0,0.0,0.0
Mirinzal,210680,MA,0.0,0.0,1.0,17.0,13.0,0.0,0.0,11.0,3.0,1.0,0.0,0.0
Monção,210690,MA,4.0,5.0,0.0,2.0,40.0,2.0,16.0,13.0,58.0,0.0,2.0,3.0
Montes Altos,210700,MA,10.0,5.0,0.0,2.0,0.0,3.0,5.0,1.0,1.0,26.0,2.0,1.0
Morros,210710,MA,2.0,0.0,0.0,1.0,4.0,1.0,0.0,0.0,0.0,0.0,0.0,0.0
Nina Rodrigues,210720,MA,0.0,1.0,0.0,1.0,1.0,2.0,0.0,1.0,2.0,0.0,0.0,0.0
Nova Colinas,210725,MA,0.0,0.0,0.0,0.0,0.0,10.0,0.0,0.0,25.0,11.0,0.0,4.0
Nova Iorque,210730,MA,0.0,4.0,8.0,0.0,0.0,0.0,0.0,0.0,0.0,4.0,2.0,1.0
Nova Olinda do Maranhão,210735,MA,0.0,3.0,2.0,11.0,21.0,5.0,25.0,122.0,39.0,1.0,4.0,40.0
Olho d'Água das Cunhãs,210740,MA,2.0,2.0,0.0,8.0,22.0,11.0,0.0,1.0,2.0,0.0,0.0,1.0
Olinda Nova do Maranhão,210745,MA,0.0,0.0,1.0,1.0,0.0,5.0,2.0,0.0,1.0,0.0,0.0,0.0
Paço do Lumiar,210750,MA,4.0,1.0,31.0,42.0,14.0,6.0,3.0,2.0,5.0,0.0,0.0,4.0
Palmeirândia,210760,MA,1.0,3.0,1.0,6.0,7.0,3.0,1.0,6.0,4.0,4.0,1.0,1.0
Paraibano,210770,MA,22.0,36.0,38.0,46.0,38.0,27.0,8.0,59.0,62.0,47.0,0.0,28.0
Parnarama,210780,MA,0.0,3.0,1.0,0.0,1.0,0.0,2.0,0.0,3.0,1.0,1.0,2.0
Passagem Franca,210790,MA,66.0,56.0,31.0,30.0,58.0,55.0,33.0,87.0,114.0,31.0,3.0,8.0
Pastos Bons,210800,MA,8.0,2.0,15.0,15.0,8.0,3.0,3.0,32.0,14.0,51.0,2.0,3.0
Paulino Neves,210805,MA,1.0,1.0,1.0,2.0,34.0,16.0,14.0,13.0,13.0,6.0,3.0,7.0
Paulo Ramos,210810,MA,8.0,4.0,0.0,0.0,1.0,0.0,0.0,0.0,0.0,3.0,5.0,0.0
Pedreiras,210820,MA,2.0,80.0,221.0,252.0,346.0,63.0,76.0,57.0,36.0,16.0,3.0,18.0
Pedro do Rosário,210825,MA,0.0,6.0,13.0,34.0,29.0,12.0,25.0,45.0,9.0,10.0,1.0,0.0
Penalva,210830,MA,0.0,0.0,3.0,4.0,1.0,7.0,1.0,0.0,1.0,1.0,0.0,0.0
Peri Mirim,210840,MA,4.0,8.0,7.0,10.0,4.0,19.0,21.0,72.0,2.0,13.0,2.0,0.0
Peritoró,210845,MA,1.0,1.0,2.0,7.0,1.0,2.0,1.0,3.0,0.0,0.0,1.0,3.0
Pindaré-Mirim,210850,MA,7.0,2.0,3.0,35.0,3.0,9.0,4.0,10.0,17.0,9.0,1.0,2.0
Pinheiro,210860,MA,6.0,3.0,7.0,12.0,5.0,4.0,21.0,42.0,14.0,17.0,7.0,4.0
Pio XII,210870,MA,4.0,1.0,2.0,29.0,39.0,17.0,23.0,31.0,18.0,9.0,6.0,3.0
Pirapemas,210880,MA,0.0,0.0,0.0,0.0,0.0,0.0,0.0,0.0,2.0,0.0,0.0,4.0
Poção de Pedras,210890,MA,45.0,4.0,4.0,63.0,31.0,4.0,2.0,14.0,17.0,5.0,1.0,37.0
Porto Franco,210900,MA,98.0,37.0,4.0,42.0,40.0,31.0,9.0,15.0,34.0,32.0,6.0,12.0
Porto Rico do Maranhão,210905,MA,0.0,0.0,0.0,0.0,0.0,0.0,0.0,0.0,0.0,0.0,0.0,2.0
Presidente Dutra,210910,MA,66.0,74.0,59.0,88.0,7.0,10.0,1.0,3.0,10.0,3.0,2.0,38.0
Presidente Juscelino,210920,MA,0.0,0.0,0.0,0.0,0.0,0.0,12.0,0.0,2.0,0.0,0.0,0.0
Presidente Médici,210923,MA,61.0,58.0,155.0,45.0,36.0,162.0,37.0,59.0,25.0,5.0,9.0,2.0
Presidente Sarney,210927,MA,1.0,0.0,0.0,2.0,0.0,0.0,0.0,4.0,0.0,4.0,2.0,0.0
Presidente Vargas,210930,MA,2.0,1.0,4.0,23.0,18.0,39.0,8.0,23.0,56.0,11.0,11.0,0.0
Primeira Cruz,210940,MA,6.0,9.0,4.0,12.0,0.0,4.0,1.0,0.0,17.0,5.0,0.0,0.0
Raposa,210945,MA,16.0,6.0,1.0,1.0,1.0,0.0,1.0,1.0,1.0,0.0,0.0,1.0
Riachão,210950,MA,40.0,24.0,52.0,66.0,81.0,42.0,10.0,15.0,51.0,54.0,21.0,14.0
Ribamar Fiquene,210955,MA,6.0,1.0,3.0,0.0,1.0,2.0,0.0,2.0,13.0,0.0,1.0,3.0
Rosário,210960,MA,9.0,1.0,2.0,0.0,0.0,3.0,3.0,17.0,7.0,0.0,0.0,12.0
Sambaíba,210970,MA,0.0,15.0,2.0,1.0,14.0,0.0,0.0,25.0,69.0,12.0,0.0,2.0
Santa Filomena do Maranhão,210975,MA,35.0,31.0,0.0,0.0,0.0,0.0,0.0,0.0,0.0,0.0,1.0,0.0
Santa Helena,210980,MA,34.0,2.0,104.0,122.0,102.0,18.0,12.0,57.0,15.0,1.0,2.0,18.0
Santa Inês,210990,MA,10.0,5.0,15.0,98.0,62.0,7.0,7.0,13.0,9.0,6.0,1.0,13.0
Santa Luzia,211000,MA,18.0,47.0,17.0,10.0,1.0,10.0,2.0,9.0,12.0,2.0,0.0,3.0
Santa Luzia do Paruá,211003,MA,67.0,29.0,10.0,101.0,83.0,94.0,92.0,62.0,32.0,0.0,0.0,1.0
Santa Quitéria do Maranhão,211010,MA,69.0,46.0,60.0,39.0,18.0,1.0,109.0,49.0,11.0,0.0,0.0,0.0
Santa Rita,211020,MA,4.0,0.0,2.0,7.0,19.0,1.0,2.0,5.0,2.0,0.0,0.0,0.0
Santana do Maranhão,211023,MA,4.0,2.0,4.0,4.0,2.0,3.0,14.0,25.0,13.0,1.0,0.0,0.0
Santo Amaro do Maranhão,211027,MA,3.0,1.0,0.0,0.0,0.0,4.0,1.0,2.0,1.0,0.0,0.0,0.0
Santo Antônio dos Lopes,211030,MA,79.0,43.0,0.0,5.0,6.0,3.0,17.0,23.0,26.0,1.0,0.0,1.0
São Benedito do Rio Preto,211040,MA,0.0,1.0,1.0,1.0,1.0,62.0,147.0,2.0,3.0,2.0,1.0,0.0
São Bento,211050,MA,0.0,0.0,1.0,2.0,0.0,2.0,2.0,2.0,0.0,2.0,1.0,1.0
São Bernardo,211060,MA,20.0,42.0,68.0,89.0,39.0,53.0,167.0,30.0,90.0,6.0,1.0,3.0
São Domingos do Azeitão,211065,MA,1.0,0.0,0.0,0.0,1.0,1.0,0.0,4.0,2.0,4.0,0.0,1.0
São Domingos do Maranhão,211070,MA,34.0,10.0,1.0,5.0,0.0,4.0,12.0,13.0,83.0,2.0,1.0,9.0
São Félix de Balsas,211080,MA,0.0,3.0,0.0,2.0,22.0,17.0,5.0,13.0,0.0,42.0,0.0,0.0
São Francisco do Brejão,211085,MA,2.0,2.0,3.0,61.0,42.0,59.0,26.0,55.0,48.0,22.0,1.0,1.0
São Francisco do Maranhão,211090,MA,40.0,5.0,9.0,24.0,30.0,10.0,16.0,9.0,2.0,5.0,9.0,45.0
São João Batista,211100,MA,1.0,0.0,1.0,10.0,7.0,2.0,0.0,2.0,2.0,0.0,0.0,0.0
São João do Carú,211102,MA,6.0,23.0,2.0,0.0,1.0,0.0,17.0,29.0,21.0,1.0,0.0,0.0
São João do Paraíso,211105,MA,6.0,2.0,0.0,9.0,3.0,1.0,0.0,6.0,10.0,11.0,16.0,2.0
São João do Soter,211107,MA,1.0,1.0,1.0,0.0,0.0,23.0,8.0,24.0,41.0,33.0,4.0,4.0
São João dos Patos,211110,MA,33.0,94.0,128.0,71.0,29.0,38.0,10.0,13.0,7.0,30.0,4.0,17.0
São José de Ribamar,211120,MA,23.0,6.0,34.0,33.0,11.0,9.0,9.0,11.0,9.0,6.0,1.0,2.0
São José dos Basílios,211125,MA,0.0,0.0,60.0,51.0,22.0,1.0,1.0,11.0,16.0,0.0,0.0,40.0
São Luís,211130,MA,126.0,74.0,486.0,294.0,81.0,87.0,95.0,81.0,70.0,14.0,5.0,31.0
São Luís Gonzaga do Maranhão,211140,MA,72.0,11.0,25.0,11.0,8.0,23.0,14.0,49.0,17.0,1.0,0.0,84.0
São Mateus do Maranhão,211150,MA,9.0,5.0,17.0,25.0,10.0,27.0,35.0,54.0,33.0,2.0,0.0,2.0
São Pedro da Água Branca,211153,MA,32.0,6.0,5.0,6.0,3.0,3.0,5.0,1.0,1.0,0.0,0.0,36.0
São Pedro dos Crentes,211157,MA,0.0,1.0,0.0,0.0,0.0,0.0,0.0,0.0,1.0,0.0,0.0,74.0
São Raimundo das Mangabeiras,211160,MA,1.0,4.0,1.0,1.0,37.0,51.0,18.0,22.0,40.0,15.0,1.0,0.0
São Raimundo do Doca Bezerra,211163,MA,0.0,1.0,0.0,1.0,0.0,0.0,0.0,41.0,0.0,3.0,2.0,0.0
São Roberto,211167,MA,0.0,0.0,0.0,1.0,0.0,0.0,1.0,0.0,1.0,0.0,0.0,0.0
São Vicente Ferrer,211170,MA,0.0,10.0,25.0,29.0,16.0,27.0,5.0,8.0,14.0,2.0,0.0,1.0
Satubinha,211172,MA,0.0,18.0,15.0,24.0,12.0,6.0,5.0,5.0,33.0,11.0,3.0,1.0
Senador Alexandre Costa,211174,MA,2.0,0.0,0.0,0.0,1.0,7.0,4.0,14.0,39.0,3.0,1.0,2.0
Senador La Rocque,211176,MA,6.0,2.0,1.0,2.0,0.0,0.0,1.0,1.0,1.0,0.0,0.0,2.0
Serrano do Maranhão,211178,MA,0.0,0.0,1.0,3.0,1.0,0.0,0.0,13.0,23.0,9.0,4.0,0.0
Sítio Novo,211180,MA,1.0,19.0,5.0,42.0,36.0,0.0,12.0,16.0,50.0,34.0,16.0,122.0
Sucupira do Norte,211190,MA,0.0,1.0,1.0,4.0,3.0,5.0,1.0,11.0,7.0,1.0,0.0,4.0
Sucupira do Riachão,211195,MA,2.0,2.0,11.0,6.0,47.0,14.0,2.0,10.0,27.0,4.0,1.0,14.0
Tasso Fragoso,211200,MA,2.0,1.0,7.0,12.0,0.0,1.0,0.0,4.0,4.0,10.0,3.0,3.0
Timbiras,211210,MA,45.0,1.0,20.0,170.0,10.0,3.0,2.0,5.0,13.0,7.0,0.0,2.0
Timon,211220,MA,52.0,22.0,66.0,60.0,47.0,63.0,75.0,71.0,142.0,130.0,3.0,10.0
Trizidela do Vale,211223,MA,7.0,37.0,54.0,100.0,137.0,27.0,65.0,25.0,70.0,24.0,6.0,13.0
Tufilândia,211227,MA,1.0,0.0,1.0,0.0,1.0,1.0,1.0,4.0,9.0,3.0,1.0,2.0
Tuntum,211230,MA,8.0,41.0,4.0,8.0,3.0,2.0,1.0,1.0,6.0,3.0,0.0,17.0
Turiaçu,211240,MA,8.0,2.0,114.0,269.0,173.0,193.0,100.0,179.0,256.0,37.0,0.0,0.0
Turilândia,211245,MA,1.0,0.0,3.0,5.0,0.0,3.0,2.0,3.0,1.0,0.0,0.0,1.0
Tutóia,211250,MA,30.0,33.0,56.0,162.0,112.0,30.0,9.0,16.0,52.0,8.0,2.0,6.0
Urbano Santos,211260,MA,2.0,0.0,1.0,3.0,9.0,24.0,6.0,21.0,18.0,6.0,0.0,1.0
Vargem Grande,211270,MA,6.0,0.0,1.0,3.0,3.0,9.0,0.0,18.0,37.0,8.0,1.0,4.0
Viana,211280,MA,0.0,1.0,1.0,0.0,0.0,1.0,0.0,0.0,1.0,0.0,0.0,1.0
Vila Nova dos Martírios,211285,MA,0.0,13.0,43.0,49.0,47.0,30.0,18.0,1.0,3.0,52.0,0.0,0.0
Vitória do Mearim,211290,MA,0.0,0.0,1.0,1.0,3.0,0.0,1.0,0.0,1.0,1.0,0.0,0.0
Vitorino Freire,211300,MA,41.0,21.0,54.0,61.0,28.0,5.0,19.0,2.0,2.0,6.0,6.0,3.0
Zé Doca,211400,MA,1.0,13.0,5.0,10.0,10.0,14.0,8.0,27.0,37.0,5.0,4.0,8.0
Acorizal,510010,MT,0.0,0.0,4.0,1.0,1.0,1.0,0.0,1.0,1.0,0.0,0.0,0.0
Alta Floresta,510025,MT,15.0,4.0,11.0,2.0,6.0,63.0,13.0,22.0,11.0,17.0,13.0,9.0
Alto Araguaia,510030,MT,5.0,5.0,7.0,0.0,0.0,0.0,0.0,1.0,0.0,0.0,6.0,13.0
Alto Boa Vista,510035,MT,16.0,1.0,3.0,0.0,3.0,3.0,0.0,0.0,0.0,0.0,0.0,0.0
Alto Garças,510040,MT,0.0,0.0,0.0,0.0,0.0,0.0,0.0,0.0,0.0,0.0,0.0,1.0
Alto Paraguai,510050,MT,0.0,2.0,5.0,3.0,0.0,1.0,0.0,0.0,0.0,0.0,0.0,0.0
Alto Taquari,510060,MT,0.0,0.0,0.0,0.0,0.0,0.0,0.0,3.0,0.0,0.0,0.0,1.0
Apiacás,510080,MT,0.0,0.0,0.0,0.0,1.0,1.0,0.0,1.0,0.0,0.0,0.0,0.0
Araguaiana,510100,MT,0.0,0.0,0.0,0.0,0.0,0.0,0.0,0.0,0.0,0.0,0.0,3.0
Araguainha,510120,MT,0.0,0.0,1.0,0.0,0.0,0.0,0.0,0.0,0.0,0.0,0.0,1.0
Araputanga,510125,MT,1.0,20.0,32.0,2.0,18.0,6.0,1.0,0.0,0.0,0.0,0.0,1.0
Arenápolis,510130,MT,9.0,45.0,24.0,3.0,74.0,7.0,0.0,3.0,2.0,0.0,0.0,0.0
Aripuanã,510140,MT,38.0,184.0,71.0,83.0,134.0,43.0,36.0,74.0,57.0,28.0,25.0,30.0
Barra do Bugres,510170,MT,9.0,59.0,32.0,1.0,34.0,12.0,5.0,3.0,2.0,3.0,1.0,10.0
Barra do Garças,510180,MT,2.0,17.0,37.0,0.0,3.0,4.0,0.0,2.0,1.0,1.0,6.0,8.0
Barão de Melgaço,510160,MT,0.0,1.0,2.0,0.0,1.0,0.0,0.0,0.0,0.0,0.0,0.0,0.0
Bom Jesus do Araguaia,510185,MT,2.0,0.0,4.0,0.0,1.0,0.0,0.0,0.0,0.0,0.0,0.0,3.0
Brasnorte,510190,MT,10.0,9.0,3.0,11.0,21.0,17.0,5.0,28.0,11.0,7.0,24.0,4.0
Campinápolis,510260,MT,9.0,14.0,35.0,8.0,33.0,17.0,5.0,6.0,2.0,3.0,4.0,9.0
Campo Novo do Parecis,510263,MT,40.0,43.0,25.0,8.0,20.0,35.0,8.0,22.0,8.0,8.0,7.0,2.0
Campo Verde,510267,MT,3.0,45.0,77.0,22.0,55.0,26.0,5.0,11.0,18.0,7.0,3.0,4.0
Campos de Júlio,510268,MT,0.0,0.0,0.0,0.0,0.0,2.0,3.0,0.0,1.0,0.0,0.0,10.0
Canabrava do Norte,510269,MT,0.0,0.0,0.0,0.0,0.0,1.0,0.0,0.0,0.0,0.0,0.0,3.0
Canarana,510270,MT,1.0,6.0,10.0,1.0,3.0,4.0,0.0,1.0,1.0,1.0,5.0,14.0
Carlinda,510279,MT,0.0,0.0,0.0,0.0,16.0,22.0,5.0,6.0,0.0,1.0,0.0,0.0
Castanheira,510285,MT,1.0,3.0,2.0,0.0,4.0,0.0,0.0,0.0,2.0,0.0,0.0,0.0
Chapada dos Guimarães,510300,MT,5.0,1.0,22.0,6.0,8.0,7.0,4.0,0.0,1.0,0.0,0.0,0.0
Cláudia,510305,MT,0.0,6.0,20.0,1.0,1.0,0.0,0.0,0.0,1.0,0.0,1.0,1.0
Cocalinho,510310,MT,0.0,1.0,1.0,0.0,1.0,1.0,0.0,13.0,4.0,1.0,3.0,25.0
Colniza,510325,MT,0.0,2.0,5.0,8.0,5.0,13.0,29.0,16.0,7.0,1.0,16.0,68.0
Colíder,510320,MT,8.0,53.0,17.0,4.0,4.0,35.0,2.0,23.0,10.0,1.0,1.0,1.0
Comodoro,510330,MT,4.0,6.0,56.0,44.0,131.0,153.0,43.0,44.0,21.0,14.0,13.0,19.0
Confresa,510335,MT,1.0,38.0,1.0,3.0,1.0,3.0,0.0,4.0,2.0,1.0,13.0,39.0
Conquista D'Oeste,510336,MT,0.0,0.0,4.0,1.0,1.0,0.0,0.0,0.0,0.0,0.0,0.0,0.0
Cotriguaçu,510337,MT,0.0,1.0,9.0,0.0,0.0,6.0,4.0,33.0,78.0,0.0,2.0,14.0
Cuiabá,510340,MT,23.0,470.0,497.0,84.0,419.0,88.0,49.0,60.0,10.0,10.0,9.0,5.0
Curvelândia,510343,MT,0.0,6.0,3.0,0.0,0.0,1.0,0.0,0.0,0.0,0.0,0.0,0.0
Cáceres,510250,MT,4.0,162.0,54.0,3.0,24.0,19.0,5.0,4.0,2.0,3.0,4.0,1.0
Denise,510345,MT,0.0,13.0,4.0,1.0,3.0,2.0,1.0,16.0,2.0,0.0,0.0,0.0
Diamantino,510350,MT,2.0,37.0,25.0,3.0,24.0,12.0,1.0,2.0,2.0,2.0,1.0,1.0
Dom Aquino,510360,MT,0.0,6.0,11.0,6.0,3.0,0.0,0.0,0.0,0.0,0.0,0.0,1.0
Feliz Natal,510370,MT,0.0,3.0,9.0,0.0,0.0,2.0,0.0,0.0,2.0,0.0,0.0,0.0
Figueirópolis D'Oeste,510380,MT,1.0,2.0,1.0,1.0,3.0,1.0,0.0,0.0,0.0,0.0,0.0,0.0
Gaúcha do Norte,510385,MT,10.0,34.0,24.0,27.0,18.0,6.0,0.0,0.0,0.0,0.0,3.0,2.0
General Carneiro,510390,MT,1.0,15.0,40.0,14.0,0.0,3.0,9.0,7.0,8.0,0.0,0.0,6.0
Glória D'Oeste,510395,MT,0.0,1.0,2.0,0.0,1.0,0.0,0.0,0.0,0.0,2.0,0.0,0.0
Guarantã do Norte,510410,MT,0.0,14.0,8.0,4.0,2.0,8.0,0.0,2.0,12.0,1.0,0.0,1.0
Guiratinga,0,MT,,,,,,,,,,,,
Indiavaí,510450,MT,0.0,0.0,0.0,0.0,2.0,0.0,0.0,0.0,0.0,0.0,0.0,0.0
Ipiranga do Norte,510452,MT,0.0,1.0,3.0,0.0,0.0,0.0,1.0,0.0,1.0,0.0,0.0,0.0
Itanhangá,510454,MT,0.0,0.0,0.0,1.0,1.0,0.0,1.0,0.0,0.0,0.0,1.0,0.0
Itaúba,510455,MT,39.0,75.0,18.0,11.0,25.0,24.0,0.0,0.0,0.0,0.0,0.0,0.0
Itiquira,510460,MT,0.0,1.0,76.0,1.0,0.0,2.0,0.0,4.0,7.0,0.0,1.0,44.0
Jaciara,510480,MT,1.0,63.0,50.0,0.0,19.0,7.0,2.0,5.0,2.0,3.0,0.0,3.0
Jangada,510490,MT,0.0,1.0,1.0,2.0,1.0,2.0,0.0,0.0,0.0,0.0,1.0,0.0
Jauru,510500,MT,23.0,75.0,107.0,58.0,53.0,51.0,1.0,0.0,0.0,0.0,0.0,0.0
Juara,510510,MT,4.0,1.0,52.0,51.0,49.0,8.0,1.0,1.0,11.0,2.0,0.0,2.0
Juruena,510517,MT,0.0,19.0,42.0,5.0,7.0,3.0,0.0,2.0,12.0,0.0,0.0,0.0
Juscimeira,510520,MT,5.0,74.0,47.0,12.0,45.0,32.0,0.0,5.0,4.0,74.0,3.0,1.0
Juína,510515,MT,28.0,73.0,94.0,21.0,35.0,12.0,7.0,8.0,26.0,11.0,5.0,4.0
Lambari D'Oeste,510523,MT,0.0,1.0,2.0,0.0,0.0,1.0,0.0,0.0,0.0,0.0,0.0,0.0
Lucas do Rio Verde,510525,MT,34.0,93.0,64.0,5.0,17.0,9.0,2.0,20.0,9.0,1.0,0.0,17.0
Luciara,510530,MT,0.0,1.0,1.0,1.0,0.0,2.0,0.0,0.0,0.0,0.0,0.0,0.0
Marcelândia,510558,MT,82.0,20.0,100.0,16.0,24.0,26.0,4.0,2.0,2.0,1.0,1.0,0.0
Matupá,510560,MT,4.0,9.0,2.0,0.0,1.0,1.0,2.0,9.0,2.0,0.0,0.0,0.0
Mirassol d'Oeste,510562,MT,0.0,24.0,41.0,1.0,1.0,21.0,0.0,0.0,0.0,0.0,2.0,1.0
Nobres,510590,MT,3.0,51.0,39.0,2.0,31.0,16.0,1.0,0.0,1.0,0.0,0.0,4.0
Nortelândia,510600,MT,1.0,68.0,23.0,3.0,20.0,4.0,4.0,0.0,1.0,0.0,2.0,3.0
Nossa Senhora do Livramento,510610,MT,4.0,77.0,63.0,12.0,25.0,9.0,4.0,2.0,0.0,0.0,3.0,1.0
Nova Bandeirantes,510615,MT,0.0,1.0,3.0,1.0,0.0,3.0,1.0,2.0,0.0,0.0,1.0,0.0
Nova Brasilândia,510620,MT,0.0,101.0,68.0,0.0,1.0,0.0,0.0,0.0,0.0,0.0,0.0,0.0
Nova Canaã do Norte,510621,MT,0.0,1.0,1.0,0.0,0.0,4.0,2.0,2.0,1.0,1.0,0.0,0.0
Nova Guarita,510880,MT,1.0,0.0,1.0,0.0,0.0,2.0,0.0,0.0,2.0,0.0,0.0,1.0
Nova Lacerda,510618,MT,1.0,1.0,0.0,0.0,2.0,3.0,1.0,0.0,1.0,0.0,0.0,0.0
Nova Marilândia,510885,MT,0.0,3.0,1.0,0.0,0.0,0.0,0.0,0.0,0.0,0.0,0.0,0.0
Nova Maringá,510890,MT,0.0,4.0,1.0,0.0,1.0,0.0,0.0,0.0,0.0,0.0,0.0,0.0
Nova Monte Verde,510895,MT,0.0,0.0,0.0,1.0,0.0,3.0,0.0,2.0,0.0,0.0,0.0,2.0
Nova Mutum,510622,MT,2.0,113.0,16.0,1.0,2.0,17.0,4.0,2.0,7.0,1.0,0.0,3.0
Nova Nazaré,510617,MT,0.0,1.0,0.0,0.0,4.0,1.0,0.0,1.0,0.0,0.0,0.0,1.0
Nova Olímpia,510623,MT,0.0,28.0,8.0,0.0,14.0,21.0,5.0,8.0,10.0,3.0,11.0,36.0
Nova Santa Helena,510619,MT,0.0,0.0,0.0,0.0,2.0,1.0,0.0,2.0,2.0,0.0,1.0,0.0
Nova Ubiratã,510624,MT,0.0,5.0,3.0,0.0,0.0,4.0,0.0,1.0,1.0,0.0,0.0,0.0
Nova Xavantina,510625,MT,6.0,1.0,15.0,5.0,5.0,2.0,2.0,6.0,14.0,3.0,1.0,12.0
Novo Horizonte do Norte,510627,MT,0.0,0.0,2.0,0.0,12.0,1.0,0.0,7.0,4.0,0.0,0.0,0.0
Novo Mundo,510626,MT,0.0,0.0,0.0,0.0,1.0,1.0,0.0,2.0,0.0,1.0,0.0,1.0
Novo Santo Antônio,510631,MT,0.0,1.0,3.0,0.0,0.0,0.0,0.0,0.0,0.0,0.0,0.0,0.0
Novo São Joaquim,510628,MT,4.0,100.0,0.0,2.0,6.0,1.0,1.0,4.0,2.0,0.0,0.0,2.0
Paranatinga,510630,MT,2.0,53.0,10.0,22.0,98.0,27.0,1.0,23.0,7.0,4.0,13.0,10.0
Paranaíta,510629,MT,1.0,0.0,25.0,0.0,49.0,77.0,25.0,27.0,3.0,8.0,7.0,3.0
Pedra Preta,510637,MT,0.0,31.0,10.0,6.0,4.0,1.0,1.0,6.0,0.0,1.0,1.0,1.0
Peixoto de Azevedo,510642,MT,3.0,6.0,5.0,2.0,4.0,3.0,1.0,5.0,14.0,3.0,0.0,1.0
Planalto da Serra,510645,MT,0.0,0.0,0.0,0.0,1.0,0.0,0.0,0.0,0.0,0.0,0.0,2.0
Poconé,510650,MT,0.0,53.0,20.0,10.0,155.0,19.0,11.0,29.0,4.0,2.0,17.0,0.0
Pontal do Araguaia,510665,MT,0.0,2.0,1.0,1.0,0.0,0.0,0.0,1.0,1.0,0.0,0.0,2.0
Ponte Branca,510670,MT,0.0,0.0,1.0,0.0,1.0,2.0,3.0,0.0,3.0,0.0,0.0,2.0
Pontes e Lacerda,510675,MT,90.0,112.0,258.0,156.0,209.0,225.0,86.0,45.0,22.0,7.0,15.0,14.0
Porto Alegre do Norte,510677,MT,5.0,2.0,0.0,0.0,1.0,4.0,1.0,0.0,0.0,0.0,0.0,1.0
Porto Esperidião,510682,MT,0.0,9.0,7.0,0.0,1.0,1.0,1.0,0.0,0.0,0.0,1.0,0.0
Porto Estrela,510685,MT,0.0,2.0,7.0,0.0,0.0,0.0,0.0,0.0,0.0,0.0,0.0,0.0
Porto dos Gaúchos,510680,MT,0.0,1.0,0.0,0.0,0.0,1.0,2.0,2.0,5.0,2.0,0.0,1.0
Poxoréo,510700,MT,17.0,9.0,51.0,17.0,29.0,21.0,7.0,20.0,12.0,8.0,5.0,9.0
Primavera do Leste,510704,MT,0.0,26.0,57.0,2.0,14.0,52.0,5.0,29.0,11.0,0.0,1.0,9.0
Querência,510706,MT,0.0,30.0,24.0,0.0,2.0,14.0,1.0,1.0,23.0,1.0,7.0,32.0
Reserva do Cabaçal,510715,MT,0.0,1.0,6.0,0.0,0.0,1.0,0.0,0.0,0.0,0.0,0.0,0.0
Ribeirão Cascalheira,510718,MT,8.0,2.0,2.0,18.0,13.0,11.0,0.0,1.0,1.0,0.0,4.0,17.0
Ribeirãozinho,510719,MT,0.0,0.0,23.0,0.0,0.0,0.0,0.0,0.0,0.0,0.0,2.0,0.0
Rondolândia,510757,MT,0.0,2.0,0.0,0.0,0.0,2.0,0.0,0.0,0.0,1.0,0.0,0.0
Rondonópolis,510760,MT,7.0,204.0,191.0,4.0,25.0,27.0,1.0,15.0,9.0,11.0,3.0,14.0
Rosário Oeste,510770,MT,2.0,21.0,21.0,11.0,9.0,6.0,8.0,1.0,11.0,33.0,48.0,19.0
Salto do Céu,510775,MT,0.0,0.0,1.0,0.0,3.0,1.0,3.0,1.0,1.0,0.0,0.0,1.0
Santa Carmem,510724,MT,1.0,4.0,3.0,0.0,1.0,1.0,0.0,0.0,0.0,0.0,0.0,1.0
Santa Cruz do Xingu,510774,MT,0.0,0.0,0.0,0.0,0.0,0.0,0.0,0.0,0.0,0.0,0.0,1.0
Santa Rita do Trivelato,510776,MT,0.0,0.0,1.0,0.0,0.0,0.0,0.0,1.0,0.0,0.0,0.0,0.0
Santa Terezinha,510777,MT,0.0,1.0,1.0,0.0,0.0,0.0,0.0,0.0,0.0,2.0,0.0,2.0
Santo Afonso,510726,MT,3.0,5.0,5.0,0.0,5.0,0.0,0.0,2.0,1.0,0.0,0.0,0.0
Santo Antônio do Leste,510779,MT,0.0,1.0,1.0,0.0,0.0,1.0,0.0,3.0,1.0,0.0,0.0,0.0
Santo Antônio do Leverger,510780,MT,0.0,25.0,19.0,6.0,5.0,0.0,0.0,0.0,1.0,0.0,0.0,0.0
Sapezal,510787,MT,0.0,5.0,1.0,0.0,13.0,0.0,0.0,1.0,0.0,4.0,2.0,1.0
Serra Nova Dourada,510788,MT,1.0,0.0,0.0,0.0,0.0,0.0,1.0,0.0,0.0,0.0,0.0,0.0
Sinop,510790,MT,21.0,66.0,56.0,18.0,49.0,51.0,23.0,30.0,7.0,0.0,3.0,6.0
Sorriso,510792,MT,3.0,119.0,62.0,11.0,35.0,17.0,5.0,10.0,9.0,1.0,2.0,2.0
São Félix do Araguaia,510785,MT,14.0,5.0,27.0,2.0,10.0,6.0,2.0,3.0,4.0,0.0,1.0,5.0
São José do Povo,510729,MT,0.0,0.0,1.0,0.0,0.0,0.0,0.0,0.0,0.0,0.0,0.0,0.0
São José do Rio Claro,510730,MT,0.0,8.0,24.0,2.0,4.0,5.0,1.0,1.0,0.0,0.0,0.0,3.0
São José do Xingu,510735,MT,17.0,25.0,12.0,1.0,1.0,2.0,0.0,1.0,0.0,0.0,0.0,2.0
São José dos Quatro Marcos,510710,MT,3.0,14.0,75.0,0.0,35.0,0.0,0.0,0.0,0.0,0.0,1.0,0.0
São Pedro da Cipa,510740,MT,0.0,10.0,1.0,2.0,0.0,0.0,0.0,0.0,2.0,0.0,0.0,1.0
Tabaporã,510794,MT,1.0,11.0,20.0,1.0,0.0,0.0,1.0,4.0,8.0,4.0,0.0,2.0
Tangará da Serra,510795,MT,2.0,146.0,69.0,7.0,53.0,29.0,6.0,16.0,2.0,2.0,1.0,17.0
Tapurah,510800,MT,1.0,16.0,58.0,14.0,23.0,6.0,0.0,17.0,45.0,5.0,5.0,26.0
Terra Nova do Norte,510805,MT,21.0,4.0,4.0,0.0,5.0,10.0,2.0,5.0,10.0,2.0,1.0,5.0
Tesouro,510810,MT,2.0,1.0,0.0,1.0,0.0,3.0,0.0,17.0,11.0,2.0,0.0,0.0
Torixoréu,510820,MT,1.0,3.0,9.0,26.0,29.0,20.0,20.0,31.0,23.0,20.0,23.0,30.0
União do Sul,510830,MT,0.0,0.0,0.0,0.0,1.0,0.0,0.0,0.0,0.0,0.0,0.0,0.0
Vale de São Domingos,510835,MT,2.0,6.0,10.0,5.0,3.0,5.0,0.0,1.0,0.0,0.0,0.0,1.0
Vera,510850,MT,0.0,1.0,10.0,0.0,2.0,1.0,1.0,0.0,0.0,1.0,1.0,5.0
Vila Bela da Santíssima Trindade,510550,MT,32.0,49.0,50.0,6.0,28.0,111.0,3.0,1.0,0.0,8.0,18.0,15.0
Vila Rica,510860,MT,0.0,0.0,1.0,0.0,0.0,0.0,0.0,0.0,0.0,0.0,1.0,8.0
Várzea Grande,510840,MT,23.0,1112.0,409.0,67.0,320.0,57.0,19.0,39.0,16.0,18.0,10.0,6.0
Água Boa,510020,MT,0.0,0.0,10.0,3.0,43.0,30.0,1.0,8.0,13.0,0.0,1.0,10.0
Abaetetuba,150010,PA,88.0,52.0,261.0,201.0,238.0,138.0,30.0,55.0,94.0,36.0,9.0,7.0
Abel Figueiredo,150013,PA,12.0,25.0,30.0,18.0,28.0,15.0,7.0,5.0,3.0,4.0,1.0,7.0
Acará,150020,PA,86.0,57.0,23.0,9.0,11.0,4.0,6.0,4.0,1.0,3.0,2.0,2.0
Afuá,150030,PA,4.0,0.0,4.0,3.0,1.0,1.0,0.0,2.0,0.0,1.0,2.0,0.0
Alenquer,150040,PA,36.0,1.0,0.0,7.0,1.0,0.0,0.0,27.0,1.0,0.0,6.0,3.0
Almeirim,150050,PA,0.0,0.0,0.0,0.0,1.0,0.0,0.0,0.0,0.0,4.0,1.0,0.0
Altamira,150060,PA,2.0,154.0,414.0,524.0,447.0,369.0,254.0,215.0,91.0,47.0,11.0,3.0
Anajás,150070,PA,1.0,0.0,0.0,10.0,1.0,4.0,1.0,2.0,0.0,3.0,0.0,0.0
Ananindeua,150080,PA,575.0,227.0,709.0,750.0,459.0,180.0,47.0,39.0,25.0,4.0,14.0,13.0
Anapu,150085,PA,0.0,9.0,29.0,13.0,6.0,46.0,53.0,6.0,13.0,46.0,3.0,43.0
Augusto Corrêa,150090,PA,137.0,146.0,163.0,170.0,143.0,81.0,12.0,95.0,69.0,28.0,91.0,28.0
Aurora do Pará,150095,PA,7.0,1.0,1.0,10.0,11.0,5.0,3.0,4.0,10.0,3.0,3.0,0.0
Aveiro,150100,PA,0.0,1.0,1.0,1.0,0.0,0.0,0.0,0.0,0.0,0.0,0.0,0.0
Bagre,150110,PA,0.0,0.0,0.0,0.0,0.0,0.0,0.0,2.0,0.0,0.0,0.0,1.0
Baião,150120,PA,3.0,2.0,1.0,0.0,0.0,1.0,1.0,0.0,0.0,0.0,2.0,1.0
Bannach,150125,PA,7.0,6.0,21.0,27.0,1.0,37.0,8.0,3.0,1.0,7.0,0.0,7.0
Barcarena,150130,PA,21.0,15.0,55.0,51.0,90.0,46.0,12.0,21.0,19.0,4.0,5.0,1.0
Belterra,150145,PA,31.0,17.0,48.0,41.0,32.0,15.0,1.0,1.0,1.0,14.0,5.0,1.0
Belém,150140,PA,236.0,218.0,482.0,264.0,185.0,74.0,43.0,47.0,14.0,7.0,15.0,20.0
Benevides,150150,PA,14.0,22.0,41.0,28.0,11.0,4.0,2.0,3.0,2.0,0.0,4.0,1.0
Bom Jesus do Tocantins,150157,PA,112.0,62.0,82.0,52.0,17.0,5.0,5.0,7.0,22.0,28.0,10.0,11.0
Bonito,150160,PA,13.0,3.0,3.0,0.0,4.0,0.0,1.0,0.0,0.0,0.0,1.0,1.0
Bragança,150170,PA,250.0,114.0,180.0,277.0,163.0,100.0,43.0,51.0,186.0,189.0,39.0,68.0
Brasil Novo,150172,PA,0.0,1.0,7.0,8.0,5.0,6.0,2.0,6.0,7.0,3.0,0.0,2.0
Brejo Grande do Araguaia,150175,PA,29.0,19.0,11.0,15.0,9.0,3.0,9.0,10.0,12.0,8.0,12.0,2.0
Breu Branco,150178,PA,43.0,12.0,3.0,9.0,4.0,3.0,3.0,17.0,11.0,1.0,0.0,3.0
Breves,150180,PA,12.0,20.0,16.0,31.0,21.0,16.0,6.0,35.0,35.0,0.0,3.0,3.0
Bujaru,150190,PA,14.0,1.0,9.0,1.0,103.0,62.0,46.0,38.0,65.0,35.0,0.0,0.0
Cachoeira do Arari,150200,PA,0.0,0.0,4.0,0.0,0.0,0.0,0.0,0.0,1.0,0.0,0.0,0.0
Cachoeira do Piriá,150195,PA,7.0,4.0,3.0,2.0,0.0,0.0,0.0,0.0,6.0,0.0,0.0,1.0
Cametá,150210,PA,146.0,81.0,208.0,172.0,84.0,35.0,7.0,11.0,17.0,3.0,0.0,0.0
Canaã dos Carajás,150215,PA,4.0,11.0,17.0,15.0,5.0,1.0,7.0,14.0,6.0,13.0,1.0,18.0
Capanema,150220,PA,93.0,85.0,65.0,58.0,60.0,18.0,14.0,15.0,45.0,2.0,5.0,20.0
Capitão Poço,150230,PA,44.0,12.0,2.0,7.0,17.0,12.0,5.0,15.0,17.0,9.0,13.0,0.0
Castanhal,150240,PA,52.0,74.0,92.0,106.0,39.0,23.0,21.0,25.0,15.0,18.0,17.0,10.0
Chaves,150250,PA,0.0,0.0,2.0,0.0,0.0,0.0,0.0,0.0,0.0,0.0,0.0,0.0
Colares,150260,PA,0.0,3.0,0.0,0.0,0.0,0.0,0.0,0.0,1.0,0.0,0.0,0.0
Conceição do Araguaia,150270,PA,246.0,100.0,68.0,125.0,97.0,84.0,26.0,30.0,44.0,43.0,30.0,63.0
Concórdia do Pará,150275,PA,1.0,2.0,3.0,4.0,8.0,2.0,1.0,1.0,1.0,0.0,4.0,4.0
Cumaru do Norte,150276,PA,5.0,2.0,0.0,5.0,4.0,9.0,20.0,15.0,16.0,6.0,0.0,1.0
Curionópolis,150277,PA,37.0,69.0,16.0,30.0,4.0,3.0,6.0,1.0,0.0,14.0,17.0,77.0
Curralinho,150280,PA,2.0,2.0,2.0,1.0,1.0,1.0,0.0,1.0,1.0,0.0,0.0,0.0
Curuá,0,PA,,,,,,,,,,,,
Curuçá,150290,PA,3.0,0.0,61.0,8.0,3.0,7.0,3.0,5.0,7.0,1.0,0.0,2.0
Dom Eliseu,150293,PA,173.0,81.0,16.0,23.0,44.0,74.0,75.0,72.0,290.0,64.0,5.0,18.0
Eldorado do Carajás,150295,PA,17.0,29.0,2.0,53.0,11.0,7.0,16.0,4.0,14.0,0.0,0.0,1.0
Faro,150300,PA,0.0,0.0,0.0,0.0,0.0,0.0,0.0,0.0,1.0,0.0,0.0,0.0
Floresta do Araguaia,150304,PA,11.0,62.0,27.0,59.0,11.0,5.0,1.0,8.0,13.0,2.0,2.0,1.0
Garrafão do Norte,150307,PA,2.0,1.0,1.0,1.0,1.0,2.0,0.0,2.0,1.0,0.0,1.0,1.0
Goianésia do Pará,150309,PA,81.0,52.0,10.0,35.0,52.0,5.0,2.0,3.0,122.0,130.0,15.0,28.0
Gurupá,150310,PA,0.0,0.0,0.0,3.0,6.0,0.0,0.0,4.0,1.0,0.0,0.0,0.0
Igarapé-Açu,150320,PA,12.0,13.0,5.0,25.0,20.0,4.0,1.0,1.0,0.0,0.0,5.0,0.0
Igarapé-Miri,150330,PA,34.0,11.0,13.0,28.0,11.0,6.0,0.0,1.0,7.0,2.0,2.0,1.0
Inhangapi,150340,PA,2.0,15.0,26.0,28.0,53.0,4.0,4.0,88.0,32.0,1.0,0.0,0.0
Ipixuna do Pará,150345,PA,1.0,1.0,6.0,13.0,3.0,7.0,12.0,9.0,4.0,2.0,0.0,3.0
Irituia,150350,PA,6.0,58.0,2.0,13.0,49.0,43.0,13.0,8.0,5.0,3.0,23.0,3.0
Itaituba,150360,PA,194.0,57.0,195.0,125.0,51.0,35.0,46.0,24.0,8.0,5.0,2.0,1.0
Itupiranga,150370,PA,92.0,74.0,74.0,87.0,29.0,38.0,16.0,10.0,35.0,19.0,8.0,8.0
Jacareacanga,150375,PA,2.0,0.0,1.0,0.0,0.0,0.0,0.0,0.0,1.0,0.0,0.0,0.0
Jacundá,150380,PA,160.0,107.0,103.0,361.0,223.0,111.0,59.0,23.0,9.0,73.0,8.0,6.0
Juruti,150390,PA,15.0,64.0,44.0,20.0,18.0,19.0,0.0,0.0,3.0,0.0,0.0,0.0
Limoeiro do Ajuru,150400,PA,18.0,13.0,4.0,13.0,6.0,1.0,0.0,1.0,0.0,1.0,0.0,0.0
Magalhães Barata,150410,PA,0.0,0.0,0.0,1.0,0.0,0.0,0.0,0.0,0.0,0.0,0.0,0.0
Marabá,150420,PA,115.0,46.0,10.0,39.0,13.0,7.0,7.0,19.0,12.0,6.0,0.0,13.0
Maracanã,150430,PA,96.0,23.0,13.0,25.0,20.0,3.0,3.0,3.0,3.0,1.0,3.0,0.0
Marapanim,150440,PA,7.0,7.0,40.0,49.0,8.0,2.0,5.0,3.0,0.0,0.0,2.0,0.0
Marituba,150442,PA,31.0,43.0,133.0,76.0,44.0,12.0,14.0,14.0,9.0,16.0,25.0,4.0
Medicilândia,150445,PA,0.0,0.0,10.0,9.0,10.0,34.0,46.0,36.0,12.0,1.0,0.0,9.0
Melgaço,150450,PA,1.0,2.0,2.0,5.0,0.0,1.0,1.0,0.0,1.0,0.0,0.0,0.0
Mocajuba,150460,PA,6.0,7.0,4.0,0.0,2.0,1.0,0.0,0.0,0.0,0.0,1.0,0.0
Moju,150470,PA,103.0,33.0,44.0,19.0,8.0,5.0,1.0,11.0,1.0,3.0,7.0,9.0
Monte Alegre,150480,PA,30.0,31.0,43.0,260.0,60.0,29.0,8.0,40.0,47.0,2.0,1.0,0.0
Muaná,150490,PA,5.0,0.0,1.0,4.0,7.0,1.0,2.0,1.0,5.0,0.0,0.0,0.0
Mãe do Rio,150405,PA,38.0,59.0,4.0,11.0,41.0,34.0,4.0,7.0,3.0,3.0,24.0,17.0
Nova Esperança do Piriá,150495,PA,2.0,1.0,1.0,0.0,7.0,7.0,0.0,0.0,4.0,49.0,4.0,0.0
Nova Ipixuna,150497,PA,4.0,0.0,0.0,2.0,0.0,0.0,0.0,0.0,0.0,0.0,0.0,3.0
Nova Timboteua,150500,PA,5.0,4.0,2.0,0.0,0.0,0.0,0.0,0.0,1.0,0.0,2.0,0.0
Novo Progresso,150503,PA,163.0,12.0,150.0,95.0,14.0,38.0,5.0,4.0,30.0,4.0,1.0,0.0
Novo Repartimento,150506,PA,33.0,21.0,21.0,66.0,5.0,9.0,7.0,7.0,10.0,24.0,19.0,13.0
Oeiras do Pará,150520,PA,5.0,3.0,11.0,11.0,2.0,2.0,1.0,0.0,0.0,4.0,0.0,0.0
Oriximiná,150530,PA,48.0,5.0,16.0,34.0,72.0,41.0,59.0,16.0,89.0,18.0,5.0,2.0
Ourilândia do Norte,150543,PA,47.0,7.0,48.0,28.0,62.0,86.0,9.0,82.0,46.0,29.0,4.0,55.0
Ourém,150540,PA,40.0,11.0,1.0,0.0,3.0,7.0,4.0,6.0,11.0,5.0,11.0,4.0
Pacajá,150548,PA,8.0,42.0,68.0,104.0,53.0,60.0,17.0,27.0,46.0,20.0,4.0,5.0
Palestina do Pará,150549,PA,97.0,78.0,51.0,71.0,19.0,15.0,12.0,5.0,4.0,29.0,20.0,13.0
Paragominas,150550,PA,103.0,26.0,14.0,24.0,8.0,4.0,1.0,4.0,6.0,6.0,3.0,0.0
Parauapebas,150553,PA,356.0,89.0,47.0,61.0,23.0,9.0,7.0,15.0,11.0,23.0,10.0,24.0
Pau D'Arco,150555,PA,24.0,22.0,24.0,44.0,19.0,22.0,12.0,5.0,12.0,11.0,8.0,1.0
Peixe-Boi,150560,PA,3.0,2.0,5.0,0.0,0.0,1.0,0.0,0.0,0.0,0.0,0.0,1.0
Piçarra,150563,PA,89.0,22.0,54.0,48.0,37.0,25.0,1.0,0.0,2.0,0.0,2.0,3.0
Placas,150565,PA,3.0,41.0,105.0,80.0,99.0,242.0,49.0,57.0,35.0,14.0,8.0,29.0
Ponta de Pedras,150570,PA,0.0,35.0,1.0,5.0,13.0,21.0,33.0,45.0,11.0,0.0,3.0,1.0
Portel,150580,PA,6.0,4.0,49.0,10.0,6.0,9.0,12.0,13.0,10.0,2.0,0.0,0.0
Porto de Moz,150590,PA,0.0,2.0,3.0,3.0,0.0,0.0,0.0,2.0,4.0,1.0,0.0,0.0
Prainha,150600,PA,0.0,0.0,5.0,36.0,2.0,2.0,2.0,5.0,13.0,2.0,2.0,2.0
Primavera,150610,PA,7.0,12.0,4.0,5.0,6.0,0.0,0.0,0.0,1.0,0.0,0.0,0.0
Quatipuru,150611,PA,5.0,1.0,5.0,4.0,1.0,0.0,1.0,1.0,1.0,0.0,0.0,1.0
Redenção,150613,PA,182.0,50.0,92.0,79.0,56.0,18.0,14.0,3.0,6.0,35.0,22.0,12.0
Rio Maria,150616,PA,150.0,102.0,182.0,142.0,51.0,87.0,10.0,8.0,16.0,6.0,3.0,5.0
Rondon do Pará,150618,PA,191.0,50.0,46.0,91.0,56.0,28.0,12.0,43.0,140.0,20.0,12.0,14.0
Rurópolis,150619,PA,41.0,36.0,6.0,15.0,14.0,26.0,3.0,29.0,33.0,5.0,3.0,4.0
Salinópolis,150620,PA,20.0,26.0,95.0,62.0,74.0,16.0,37.0,9.0,6.0,5.0,6.0,7.0
Salvaterra,150630,PA,4.0,0.0,0.0,6.0,14.0,0.0,1.0,0.0,0.0,0.0,0.0,0.0
Santa Bárbara do Pará,150635,PA,1.0,3.0,0.0,6.0,4.0,1.0,0.0,0.0,0.0,0.0,0.0,0.0
Santa Cruz do Arari,150640,PA,1.0,0.0,0.0,0.0,0.0,0.0,0.0,0.0,0.0,0.0,0.0,0.0
Santa Izabel do Pará,150650,PA,511.0,226.0,17.0,10.0,64.0,32.0,10.0,28.0,2.0,0.0,4.0,1.0
Santa Luzia do Pará,150655,PA,5.0,1.0,3.0,1.0,1.0,1.0,1.0,1.0,2.0,0.0,1.0,0.0
Santa Maria das Barreiras,150658,PA,25.0,9.0,0.0,3.0,12.0,17.0,6.0,2.0,2.0,5.0,7.0,13.0
Santa Maria do Pará,150660,PA,41.0,64.0,100.0,222.0,146.0,139.0,41.0,13.0,18.0,24.0,9.0,1.0
Santana do Araguaia,150670,PA,244.0,41.0,28.0,11.0,62.0,44.0,7.0,17.0,62.0,9.0,4.0,21.0
Santarém,150680,PA,103.0,15.0,30.0,75.0,19.0,34.0,9.0,13.0,11.0,3.0,1.0,2.0
Santarém Novo,150690,PA,3.0,0.0,5.0,1.0,0.0,0.0,1.0,0.0,1.0,0.0,0.0,0.0
Santo Antônio do Tauá,150700,PA,75.0,66.0,0.0,1.0,2.0,0.0,0.0,0.0,0.0,0.0,0.0,2.0
Sapucaia,150775,PA,3.0,13.0,5.0,8.0,13.0,39.0,7.0,12.0,35.0,3.0,1.0,2.0
Senador José Porfírio,150780,PA,0.0,3.0,5.0,9.0,9.0,9.0,16.0,58.0,8.0,3.0,2.0,20.0
Soure,150790,PA,40.0,16.0,123.0,128.0,231.0,23.0,3.0,22.0,15.0,5.0,0.0,8.0
São Caetano de Odivelas,150710,PA,1.0,0.0,0.0,4.0,0.0,1.0,0.0,0.0,0.0,0.0,0.0,0.0
São Domingos do Araguaia,150715,PA,105.0,40.0,38.0,34.0,9.0,1.0,1.0,6.0,3.0,0.0,0.0,0.0
São Domingos do Capim,150720,PA,2.0,0.0,6.0,4.0,7.0,3.0,7.0,0.0,0.0,7.0,2.0,1.0
São Francisco do Pará,150740,PA,0.0,0.0,6.0,3.0,0.0,0.0,1.0,1.0,0.0,1.0,0.0,0.0
São Félix do Xingu,150730,PA,80.0,146.0,127.0,89.0,184.0,80.0,78.0,34.0,47.0,19.0,8.0,33.0
São Geraldo do Araguaia,150745,PA,189.0,90.0,24.0,181.0,153.0,111.0,62.0,39.0,75.0,191.0,5.0,7.0
São João da Ponta,150746,PA,0.0,0.0,0.0,0.0,0.0,0.0,0.0,1.0,0.0,0.0,0.0,0.0
São João de Pirabas,150747,PA,119.0,123.0,140.0,25.0,34.0,11.0,4.0,3.0,2.0,6.0,0.0,1.0
São João do Araguaia,150750,PA,16.0,18.0,88.0,68.0,16.0,21.0,0.0,3.0,58.0,50.0,49.0,27.0
São Miguel do Guamá,150760,PA,18.0,27.0,13.0,24.0,15.0,5.0,8.0,7.0,3.0,2.0,1.0,1.0
São Sebastião da Boa Vista,150770,PA,12.0,0.0,2.0,1.0,0.0,0.0,0.0,0.0,0.0,0.0,0.0,0.0
Tailândia,150795,PA,30.0,10.0,113.0,82.0,10.0,3.0,8.0,3.0,3.0,2.0,4.0,4.0
Terra Alta,150796,PA,0.0,0.0,1.0,1.0,0.0,0.0,2.0,0.0,1.0,1.0,0.0,0.0
Terra Santa,150797,PA,2.0,0.0,0.0,1.0,0.0,0.0,0.0,0.0,1.0,0.0,1.0,0.0
Tomé-Açu,150800,PA,27.0,34.0,51.0,88.0,86.0,35.0,33.0,19.0,36.0,2.0,3.0,9.0
Tracuateua,150803,PA,32.0,6.0,54.0,43.0,14.0,7.0,5.0,14.0,52.0,13.0,15.0,12.0
Trairão,150805,PA,19.0,0.0,0.0,1.0,0.0,0.0,0.0,2.0,0.0,0.0,0.0,1.0
Tucumã,150808,PA,56.0,33.0,193.0,296.0,146.0,79.0,53.0,77.0,173.0,204.0,19.0,77.0
Tucuruí,150810,PA,26.0,5.0,8.0,22.0,20.0,3.0,2.0,1.0,1.0,0.0,0.0,3.0
Ulianópolis,150812,PA,63.0,53.0,28.0,144.0,51.0,15.0,6.0,9.0,58.0,1.0,14.0,4.0
Uruará,150815,PA,1.0,69.0,494.0,246.0,222.0,291.0,113.0,114.0,23.0,25.0,4.0,5.0
Vigia,150820,PA,29.0,24.0,29.0,20.0,29.0,12.0,6.0,7.0,6.0,7.0,3.0,0.0
Viseu,150830,PA,195.0,135.0,197.0,128.0,101.0,100.0,25.0,130.0,176.0,30.0,55.0,25.0
Vitória do Xingu,150835,PA,0.0,0.0,96.0,73.0,9.0,33.0,7.0,13.0,5.0,3.0,0.0,3.0
Xinguara,150840,PA,262.0,162.0,201.0,173.0,49.0,46.0,21.0,59.0,77.0,126.0,5.0,17.0
Água Azul do Norte,150034,PA,194.0,87.0,111.0,58.0,51.0,54.0,5.0,11.0,25.0,193.0,1.0,35.0
Óbidos,150510,PA,6.0,0.0,0.0,0.0,1.0,16.0,0.0,1.0,18.0,5.0,1.0,1.0
Alta Floresta D'Oeste,110001,RO,65.0,212.0,64.0,15.0,31.0,130.0,40.0,88.0,58.0,22.0,5.0,76.0
Alto Alegre dos Parecis,110037,RO,1.0,11.0,89.0,39.0,35.0,53.0,14.0,22.0,15.0,11.0,7.0,13.0
Alto Paraíso,110040,RO,1.0,24.0,45.0,63.0,50.0,108.0,39.0,17.0,37.0,15.0,20.0,10.0
Alvorada D'Oeste,110034,RO,10.0,173.0,147.0,59.0,10.0,29.0,8.0,16.0,17.0,3.0,11.0,0.0
Ariquemes,110002,RO,3.0,93.0,107.0,25.0,20.0,47.0,77.0,53.0,79.0,42.0,5.0,12.0
Buritis,110045,RO,0.0,6.0,5.0,2.0,6.0,60.0,22.0,10.0,8.0,7.0,4.0,6.0
Cabixi,110003,RO,0.0,1.0,24.0,11.0,11.0,8.0,14.0,59.0,32.0,3.0,18.0,80.0
Cacaulândia,110060,RO,0.0,5.0,6.0,1.0,1.0,0.0,3.0,1.0,2.0,0.0,0.0,0.0
Cacoal,110004,RO,53.0,116.0,164.0,20.0,14.0,53.0,26.0,18.0,27.0,10.0,8.0,13.0
Campo Novo de Rondônia,110070,RO,3.0,33.0,89.0,63.0,9.0,65.0,86.0,15.0,27.0,28.0,5.0,6.0
Candeias do Jamari,110080,RO,2.0,4.0,9.0,2.0,0.0,5.0,2.0,3.0,6.0,1.0,2.0,0.0
Castanheiras,110090,RO,0.0,2.0,7.0,0.0,2.0,0.0,2.0,0.0,0.0,0.0,0.0,1.0
Cerejeiras,110005,RO,67.0,134.0,111.0,183.0,114.0,181.0,42.0,70.0,65.0,17.0,8.0,7.0
Chupinguaia,110092,RO,0.0,3.0,5.0,2.0,5.0,4.0,7.0,3.0,1.0,1.0,0.0,0.0
Colorado do Oeste,110006,RO,87.0,157.0,278.0,187.0,244.0,80.0,22.0,37.0,105.0,42.0,20.0,30.0
Corumbiara,110007,RO,3.0,6.0,34.0,11.0,10.0,4.0,1.0,2.0,2.0,1.0,0.0,0.0
Costa Marques,110008,RO,0.0,1.0,0.0,1.0,0.0,17.0,8.0,15.0,5.0,2.0,2.0,2.0
Cujubim,110094,RO,0.0,1.0,27.0,63.0,15.0,3.0,1.0,1.0,6.0,23.0,3.0,0.0
Espigão D'Oeste,110009,RO,7.0,20.0,15.0,16.0,16.0,64.0,25.0,24.0,30.0,5.0,9.0,8.0
Governador Jorge Teixeira,110100,RO,1.0,98.0,24.0,2.0,2.0,8.0,2.0,5.0,3.0,2.0,0.0,0.0
Guajará-Mirim,110010,RO,74.0,47.0,44.0,12.0,24.0,25.0,13.0,9.0,13.0,1.0,6.0,6.0
Itapuã do Oeste,110110,RO,0.0,2.0,14.0,20.0,9.0,1.0,0.0,0.0,3.0,1.0,0.0,1.0
Jaru,110011,RO,32.0,249.0,108.0,43.0,18.0,91.0,29.0,29.0,27.0,20.0,3.0,6.0
Ji-Paraná,110012,RO,147.0,544.0,514.0,192.0,141.0,547.0,302.0,248.0,306.0,57.0,51.0,24.0
Machadinho D'Oeste,110013,RO,2.0,30.0,46.0,11.0,3.0,7.0,8.0,3.0,3.0,2.0,4.0,2.0
Ministro Andreazza,110120,RO,8.0,19.0,36.0,6.0,9.0,18.0,5.0,12.0,4.0,4.0,3.0,0.0
Mirante da Serra,110130,RO,25.0,118.0,82.0,57.0,43.0,225.0,42.0,8.0,15.0,38.0,6.0,2.0
Monte Negro,110140,RO,12.0,67.0,261.0,145.0,10.0,13.0,4.0,1.0,0.0,3.0,6.0,3.0
Nova Brasilândia D'Oeste,110014,RO,44.0,90.0,143.0,120.0,32.0,91.0,51.0,9.0,101.0,32.0,2.0,3.0
Nova Mamoré,110033,RO,6.0,16.0,13.0,8.0,4.0,8.0,8.0,4.0,1.0,2.0,3.0,4.0
Nova União,110143,RO,3.0,102.0,93.0,56.0,22.0,49.0,11.0,8.0,4.0,9.0,10.0,7.0
Novo Horizonte do Oeste,110050,RO,7.0,51.0,75.0,76.0,41.0,81.0,12.0,29.0,13.0,4.0,3.0,2.0
Ouro Preto do Oeste,110015,RO,100.0,225.0,231.0,36.0,34.0,121.0,74.0,47.0,33.0,8.0,10.0,7.0
Parecis,110145,RO,2.0,0.0,4.0,7.0,19.0,38.0,16.0,85.0,39.0,8.0,4.0,2.0
Pimenta Bueno,110018,RO,35.0,183.0,132.0,21.0,10.0,42.0,13.0,28.0,49.0,16.0,15.0,19.0
Pimenteiras do Oeste,110146,RO,3.0,3.0,3.0,3.0,2.0,29.0,2.0,2.0,16.0,3.0,3.0,0.0
Porto Velho,110020,RO,23.0,140.0,228.0,78.0,45.0,82.0,63.0,50.0,55.0,19.0,18.0,18.0
Primavera de Rondônia,110147,RO,0.0,1.0,5.0,2.0,0.0,4.0,2.0,1.0,0.0,0.0,0.0,1.0
Rio Crespo,110026,RO,0.0,1.0,0.0,0.0,0.0,0.0,3.0,2.0,3.0,1.0,0.0,0.0
Rolim de Moura,110028,RO,152.0,481.0,413.0,57.0,142.0,189.0,70.0,66.0,97.0,21.0,7.0,22.0
Santa Luzia D'Oeste,110029,RO,3.0,92.0,51.0,13.0,16.0,63.0,46.0,33.0,38.0,36.0,14.0,14.0
São Felipe D'Oeste,110148,RO,1.0,4.0,3.0,1.0,4.0,1.0,3.0,0.0,1.0,0.0,0.0,0.0
São Francisco do Guaporé,110149,RO,0.0,22.0,113.0,28.0,8.0,5.0,9.0,4.0,18.0,10.0,1.0,1.0
São Miguel do Guaporé,110032,RO,33.0,267.0,239.0,175.0,134.0,61.0,25.0,25.0,34.0,15.0,12.0,1.0
Seringueiras,110150,RO,0.0,98.0,85.0,90.0,49.0,23.0,57.0,7.0,16.0,16.0,7.0,2.0
Teixeirópolis,110155,RO,2.0,6.0,11.0,1.0,4.0,9.0,4.0,6.0,7.0,2.0,8.0,3.0
Theobroma,110160,RO,2.0,16.0,44.0,3.0,4.0,6.0,11.0,8.0,3.0,2.0,4.0,0.0
Urupá,110170,RO,4.0,5.0,5.0,3.0,11.0,12.0,6.0,5.0,2.0,2.0,1.0,0.0
Vale do Anari,110175,RO,0.0,43.0,9.0,1.0,0.0,21.0,1.0,3.0,4.0,3.0,0.0,2.0
Vale do Paraíso,110180,RO,5.0,19.0,56.0,2.0,3.0,5.0,4.0,7.0,13.0,7.0,3.0,1.0
Vilhena,110030,RO,48.0,89.0,112.0,46.0,69.0,46.0,27.0,54.0,26.0,10.0,7.0,12.0
Alto Alegre,140005,RR,73.0,17.0,67.0,61.0,72.0,4.0,,4.0,1.0,,,4.0
Amajari,140002,RR,2.0,2.0,5.0,1.0,2.0,1.0,,0.0,0.0,,,0.0
Boa Vista,140010,RR,702.0,428.0,467.0,86.0,86.0,27.0,,57.0,24.0,,,86.0
Bonfim,140015,RR,27.0,27.0,12.0,1.0,4.0,3.0,,0.0,0.0,,,3.0
Cantá,140017,RR,13.0,11.0,16.0,2.0,2.0,0.0,,1.0,2.0,,,3.0
Caracaraí,140020,RR,12.0,14.0,162.0,20.0,7.0,8.0,,17.0,1.0,,,3.0
Caroebe,140023,RR,3.0,56.0,79.0,4.0,2.0,0.0,,1.0,1.0,,,8.0
Iracema,140028,RR,3.0,3.0,4.0,0.0,2.0,0.0,,3.0,1.0,,,0.0
Mucajaí,140030,RR,21.0,44.0,76.0,9.0,18.0,4.0,,26.0,2.0,,,9.0
Normandia,140040,RR,3.0,1.0,3.0,3.0,1.0,3.0,,5.0,0.0,,,2.0
Pacaraima,140045,RR,14.0,12.0,49.0,4.0,4.0,1.0,,4.0,4.0,,,1.0
Rorainópolis,140047,RR,46.0,36.0,41.0,7.0,4.0,3.0,,1.0,1.0,,,1.0
São João da Baliza,140050,RR,30.0,97.0,163.0,30.0,65.0,13.0,,3.0,4.0,,,3.0
São Luiz,140060,RR,1.0,4.0,44.0,6.0,23.0,1.0,,0.0,0.0,,,0.0
Uiramutã,140070,RR,1.0,2.0,0.0,0.0,1.0,0.0,,0.0,0.0,,,0.0
Abreulândia,170025,TO,0.0,0.0,0.0,0.0,1.0,0.0,1.0,0.0,0.0,0.0,0.0,0.0
Aguiarnópolis,170030,TO,1.0,0.0,0.0,5.0,1.0,1.0,0.0,0.0,1.0,0.0,0.0,0.0
Aliança do Tocantins,170035,TO,0.0,0.0,1.0,0.0,0.0,0.0,0.0,0.0,0.0,0.0,0.0,0.0
Almas,170040,TO,0.0,0.0,4.0,4.0,0.0,1.0,0.0,0.0,1.0,0.0,0.0,4.0
Alvorada,170070,TO,0.0,0.0,0.0,1.0,6.0,39.0,4.0,8.0,5.0,3.0,8.0,8.0
Ananás,170100,TO,28.0,58.0,35.0,36.0,5.0,4.0,4.0,2.0,5.0,0.0,2.0,1.0
Angico,170105,TO,1.0,0.0,0.0,1.0,0.0,0.0,0.0,1.0,0.0,0.0,0.0,0.0
Aparecida do Rio Negro,170110,TO,1.0,0.0,0.0,0.0,0.0,0.0,0.0,1.0,0.0,1.0,0.0,0.0
Aragominas,170130,TO,1.0,1.0,1.0,0.0,0.0,0.0,0.0,0.0,2.0,0.0,0.0,0.0
Araguacema,170190,TO,27.0,9.0,2.0,5.0,1.0,13.0,0.0,7.0,9.0,9.0,1.0,1.0
Araguatins,170220,TO,32.0,11.0,5.0,16.0,6.0,10.0,16.0,6.0,7.0,17.0,0.0,3.0
Araguaçu,170200,TO,46.0,81.0,149.0,147.0,150.0,170.0,172.0,38.0,36.0,26.0,14.0,26.0
Araguaína,170210,TO,126.0,24.0,28.0,60.0,25.0,10.0,7.0,12.0,16.0,35.0,6.0,81.0
Arapoema,170230,TO,23.0,99.0,85.0,27.0,78.0,44.0,7.0,9.0,10.0,26.0,7.0,13.0
Arraias,170240,TO,0.0,8.0,131.0,23.0,14.0,13.0,3.0,16.0,0.0,1.0,1.0,15.0
Augustinópolis,170255,TO,95.0,71.0,21.0,41.0,47.0,35.0,5.0,7.0,9.0,2.0,0.0,0.0
Aurora do Tocantins,170270,TO,0.0,0.0,1.0,0.0,0.0,0.0,0.0,0.0,0.0,0.0,0.0,0.0
Axixá do Tocantins,170290,TO,19.0,18.0,5.0,13.0,8.0,3.0,5.0,4.0,1.0,0.0,1.0,0.0
Babaçulândia,170300,TO,1.0,0.0,0.0,0.0,0.0,0.0,0.0,1.0,0.0,1.0,0.0,3.0
Bandeirantes do Tocantins,170305,TO,1.0,0.0,0.0,4.0,3.0,2.0,0.0,3.0,3.0,3.0,1.0,4.0
Barra do Ouro,170307,TO,1.0,0.0,1.0,0.0,0.0,1.0,0.0,0.0,0.0,0.0,0.0,0.0
Barrolândia,170310,TO,0.0,1.0,0.0,0.0,2.0,0.0,1.0,0.0,0.0,0.0,0.0,0.0
Bernardo Sayão,170320,TO,0.0,3.0,1.0,2.0,5.0,4.0,6.0,4.0,0.0,3.0,0.0,0.0
Brasilândia do Tocantins,170360,TO,2.0,0.0,2.0,2.0,4.0,2.0,2.0,0.0,1.0,1.0,0.0,2.0
Brejinho de Nazaré,170370,TO,1.0,1.0,1.0,2.0,1.0,0.0,0.0,2.0,3.0,0.0,1.0,0.0
Buriti do Tocantins,170380,TO,10.0,5.0,4.0,4.0,0.0,3.0,0.0,0.0,2.0,0.0,0.0,0.0
Cachoeirinha,170382,TO,6.0,1.0,1.0,0.0,0.0,2.0,0.0,0.0,1.0,0.0,0.0,0.0
Campos Lindos,170384,TO,0.0,0.0,2.0,1.0,1.0,0.0,0.0,0.0,0.0,0.0,0.0,0.0
Cariri do Tocantins,170386,TO,0.0,0.0,0.0,0.0,0.0,0.0,2.0,0.0,0.0,0.0,0.0,0.0
Carmolândia,170388,TO,0.0,0.0,0.0,0.0,0.0,0.0,0.0,0.0,0.0,1.0,0.0,0.0
Carrasco Bonito,170389,TO,11.0,4.0,3.0,11.0,7.0,3.0,0.0,0.0,1.0,0.0,0.0,0.0
Caseara,170390,TO,0.0,1.0,2.0,0.0,0.0,0.0,0.0,0.0,0.0,0.0,0.0,0.0
Centenário,170410,TO,3.0,4.0,4.0,0.0,0.0,1.0,0.0,1.0,0.0,0.0,0.0,0.0
Chapada da Natividade,170510,TO,0.0,1.0,0.0,0.0,1.0,0.0,0.0,0.0,0.0,0.0,0.0,1.0
Chapada de Areia,170460,TO,1.0,2.0,0.0,0.0,0.0,1.0,0.0,0.0,0.0,0.0,0.0,0.0
Colinas do Tocantins,170550,TO,51.0,69.0,68.0,63.0,79.0,38.0,68.0,73.0,18.0,24.0,1.0,13.0
Colméia,171670,TO,40.0,83.0,5.0,5.0,5.0,10.0,5.0,4.0,0.0,0.0,0.0,1.0
Combinado,170555,TO,0.0,0.0,18.0,2.0,0.0,3.0,1.0,2.0,0.0,0.0,0.0,1.0
Conceição do Tocantins,170560,TO,0.0,1.0,1.0,1.0,0.0,5.0,0.0,1.0,0.0,0.0,0.0,0.0
Couto Magalhães,170600,TO,5.0,0.0,1.0,1.0,1.0,0.0,3.0,1.0,1.0,1.0,0.0,4.0
Cristalândia,170610,TO,10.0,3.0,8.0,0.0,0.0,3.0,0.0,0.0,0.0,0.0,0.0,4.0
Crixás do Tocantins,170625,TO,0.0,0.0,0.0,0.0,0.0,1.0,0.0,0.0,0.0,0.0,0.0,0.0
Darcinópolis,170650,TO,1.0,0.0,0.0,0.0,0.0,0.0,1.0,0.0,1.0,0.0,0.0,0.0
Dianópolis,170700,TO,23.0,11.0,38.0,35.0,11.0,13.0,11.0,10.0,11.0,5.0,0.0,0.0
Divinópolis do Tocantins,170710,TO,20.0,0.0,7.0,4.0,19.0,0.0,2.0,39.0,2.0,1.0,0.0,2.0
Dois Irmãos do Tocantins,170720,TO,2.0,4.0,3.0,3.0,3.0,3.0,1.0,0.0,0.0,1.0,0.0,0.0
Dueré,170730,TO,4.0,1.0,7.0,5.0,0.0,7.0,0.0,0.0,0.0,0.0,0.0,1.0
Esperantina,170740,TO,6.0,4.0,2.0,4.0,2.0,3.0,0.0,0.0,1.0,0.0,0.0,0.0
Figueirópolis,170765,TO,3.0,2.0,11.0,0.0,0.0,1.0,1.0,2.0,0.0,0.0,0.0,0.0
Filadélfia,170770,TO,0.0,0.0,1.0,1.0,2.0,1.0,0.0,0.0,0.0,0.0,0.0,2.0
Formoso do Araguaia,170820,TO,6.0,4.0,24.0,23.0,19.0,59.0,16.0,7.0,6.0,0.0,0.0,6.0
Fortaleza do Tabocão,170825,TO,0.0,0.0,0.0,0.0,1.0,1.0,3.0,1.0,0.0,1.0,0.0,1.0
Fátima,170755,TO,3.0,0.0,2.0,1.0,1.0,0.0,0.0,0.0,0.0,0.0,0.0,0.0
Goianorte,170830,TO,0.0,0.0,1.0,0.0,1.0,0.0,0.0,0.0,0.0,0.0,0.0,0.0
Goiatins,170900,TO,4.0,0.0,1.0,2.0,2.0,11.0,10.0,3.0,2.0,4.0,1.0,3.0
Guaraí,170930,TO,5.0,2.0,1.0,0.0,12.0,13.0,5.0,4.0,9.0,12.0,1.0,23.0
Gurupi,170950,TO,4.0,0.0,6.0,11.0,7.0,3.0,2.0,3.0,1.0,1.0,0.0,6.0
Ipueiras,170980,TO,0.0,0.0,1.0,1.0,0.0,2.0,0.0,0.0,1.0,0.0,0.0,3.0
Itacajá,171050,TO,1.0,0.0,0.0,2.0,0.0,78.0,45.0,15.0,16.0,2.0,8.0,1.0
Itaguatins,171070,TO,4.0,21.0,14.0,24.0,2.0,3.0,0.0,2.0,0.0,0.0,0.0,0.0
Itapiratins,171090,TO,4.0,1.0,2.0,0.0,0.0,2.0,0.0,0.0,0.0,1.0,0.0,0.0
Itaporã do Tocantins,171110,TO,0.0,1.0,0.0,0.0,1.0,0.0,0.0,0.0,1.0,0.0,0.0,1.0
Jaú do Tocantins,171150,TO,0.0,0.0,0.0,2.0,0.0,0.0,0.0,0.0,0.0,0.0,0.0,0.0
Juarina,171180,TO,0.0,2.0,2.0,0.0,0.0,1.0,3.0,1.0,0.0,0.0,0.0,0.0
Lagoa da Confusão,171190,TO,2.0,1.0,0.0,3.0,0.0,6.0,0.0,2.0,6.0,0.0,5.0,7.0
Lagoa do Tocantins,171195,TO,0.0,0.0,0.0,0.0,0.0,0.0,1.0,0.0,0.0,0.0,0.0,0.0
Lajeado,171200,TO,1.0,1.0,1.0,1.0,0.0,5.0,0.0,3.0,2.0,1.0,2.0,3.0
Lavandeira,171215,TO,0.0,0.0,0.0,2.0,0.0,0.0,0.0,0.0,0.0,1.0,0.0,1.0
Lizarda,171240,TO,0.0,0.0,0.0,1.0,0.0,0.0,0.0,0.0,0.0,0.0,0.0,0.0
Luzinópolis,171245,TO,3.0,0.0,0.0,1.0,3.0,0.0,1.0,0.0,0.0,0.0,0.0,0.0
Marianópolis do Tocantins,171250,TO,0.0,0.0,0.0,1.0,5.0,0.0,0.0,0.0,0.0,0.0,0.0,0.0
Mateiros,171270,TO,0.0,0.0,0.0,0.0,0.0,0.0,0.0,0.0,0.0,1.0,0.0,0.0
Maurilândia do Tocantins,171280,TO,3.0,0.0,2.0,4.0,1.0,1.0,0.0,2.0,0.0,0.0,0.0,0.0
Miracema do Tocantins,171320,TO,62.0,15.0,33.0,36.0,66.0,57.0,35.0,29.0,22.0,5.0,10.0,23.0
Miranorte,171330,TO,50.0,28.0,30.0,53.0,72.0,83.0,82.0,8.0,16.0,5.0,4.0,9.0
Monte Santo do Tocantins,171370,TO,1.0,1.0,2.0,0.0,2.0,0.0,1.0,0.0,0.0,0.0,0.0,0.0
Monte do Carmo,171360,TO,8.0,11.0,3.0,1.0,2.0,0.0,2.0,1.0,0.0,0.0,1.0,7.0
Muricilândia,171395,TO,0.0,0.0,1.0,0.0,0.0,0.0,0.0,0.0,0.0,0.0,0.0,1.0
Natividade,171420,TO,2.0,5.0,3.0,0.0,2.0,1.0,1.0,1.0,0.0,0.0,8.0,3.0
Nazaré,171430,TO,0.0,0.0,0.0,12.0,4.0,4.0,4.0,5.0,7.0,4.0,4.0,0.0
Nova Olinda,171488,TO,6.0,0.0,0.0,0.0,1.0,0.0,0.0,0.0,0.0,2.0,0.0,5.0
Nova Rosalândia,171500,TO,0.0,0.0,1.0,0.0,0.0,1.0,0.0,0.0,0.0,0.0,0.0,2.0
Novo Acordo,171510,TO,0.0,0.0,2.0,0.0,1.0,0.0,0.0,0.0,0.0,0.0,0.0,0.0
Novo Alegre,171515,TO,0.0,0.0,5.0,1.0,0.0,2.0,0.0,0.0,1.0,0.0,0.0,1.0
Novo Jardim,171525,TO,0.0,1.0,3.0,3.0,0.0,0.0,3.0,0.0,2.0,0.0,0.0,0.0
Oliveira de Fátima,171550,TO,0.0,0.0,1.0,0.0,0.0,0.0,0.0,0.0,0.0,0.0,1.0,1.0
Palmas,172100,TO,35.0,29.0,41.0,53.0,72.0,29.0,18.0,25.0,19.0,18.0,12.0,45.0
Palmeirante,171570,TO,1.0,0.0,1.0,0.0,0.0,2.0,2.0,3.0,1.0,0.0,1.0,1.0
Palmeiras do Tocantins,171380,TO,1.0,2.0,0.0,8.0,1.0,4.0,0.0,0.0,0.0,0.0,0.0,0.0
Palmeirópolis,171575,TO,27.0,0.0,18.0,5.0,0.0,35.0,8.0,10.0,1.0,0.0,1.0,1.0
Paranã,171620,TO,6.0,1.0,6.0,20.0,0.0,9.0,4.0,2.0,3.0,8.0,3.0,6.0
Paraíso do Tocantins,171610,TO,12.0,10.0,31.0,18.0,72.0,12.0,23.0,5.0,4.0,5.0,4.0,43.0
Pedro Afonso,171650,TO,43.0,38.0,71.0,34.0,17.0,16.0,10.0,10.0,2.0,9.0,1.0,3.0
Peixe,171660,TO,6.0,3.0,15.0,3.0,2.0,2.0,8.0,0.0,1.0,0.0,0.0,0.0
Pequizeiro,171665,TO,2.0,1.0,2.0,1.0,3.0,2.0,0.0,0.0,2.0,0.0,0.0,0.0
Pindorama do Tocantins,171700,TO,8.0,0.0,0.0,5.0,0.0,0.0,0.0,0.0,0.0,1.0,1.0,0.0
Piraquê,171720,TO,0.0,0.0,0.0,1.0,0.0,0.0,0.0,0.0,0.0,1.0,0.0,0.0
Pium,171750,TO,92.0,15.0,41.0,27.0,67.0,44.0,37.0,39.0,63.0,13.0,2.0,8.0
Ponte Alta do Bom Jesus,171780,TO,0.0,0.0,2.0,0.0,0.0,0.0,0.0,0.0,0.0,1.0,0.0,0.0
Ponte Alta do Tocantins,171790,TO,0.0,0.0,2.0,1.0,11.0,1.0,1.0,1.0,2.0,0.0,0.0,3.0
Porto Alegre do Tocantins,171800,TO,0.0,0.0,10.0,1.0,1.0,1.0,0.0,0.0,0.0,0.0,0.0,0.0
Porto Nacional,171820,TO,46.0,60.0,63.0,34.0,21.0,14.0,13.0,10.0,5.0,4.0,35.0,99.0
Praia Norte,171830,TO,21.0,12.0,6.0,10.0,7.0,4.0,0.0,3.0,1.0,3.0,0.0,0.0
Presidente Kennedy,171840,TO,7.0,3.0,0.0,0.0,0.0,0.0,0.0,1.0,2.0,1.0,0.0,0.0
Pugmil,171845,TO,1.0,1.0,0.0,0.0,0.0,0.0,2.0,0.0,0.0,0.0,0.0,0.0
Recursolândia,171850,TO,2.0,0.0,2.0,1.0,3.0,0.0,1.0,1.0,1.0,0.0,0.0,0.0
Riachinho,171855,TO,4.0,5.0,0.0,2.0,1.0,1.0,1.0,1.0,2.0,1.0,0.0,0.0
Rio Sono,171875,TO,1.0,0.0,0.0,1.0,0.0,0.0,2.0,0.0,0.0,0.0,0.0,1.0
Rio da Conceição,171865,TO,1.0,1.0,2.0,1.0,0.0,0.0,1.0,1.0,1.0,1.0,0.0,0.0
Rio dos Bois,171870,TO,4.0,1.0,0.0,0.0,1.0,4.0,1.0,0.0,0.0,0.0,1.0,5.0
Sampaio,171880,TO,18.0,9.0,7.0,6.0,2.0,2.0,2.0,2.0,1.0,1.0,0.0,0.0
Sandolândia,171884,TO,3.0,6.0,34.0,12.0,12.0,29.0,21.0,11.0,8.0,5.0,2.0,4.0
Santa Fé do Araguaia,171886,TO,0.0,0.0,0.0,0.0,0.0,0.0,0.0,0.0,0.0,0.0,0.0,3.0
Santa Maria do Tocantins,171888,TO,3.0,5.0,2.0,0.0,2.0,1.0,0.0,1.0,0.0,1.0,0.0,0.0
Santa Rita do Tocantins,171889,TO,1.0,0.0,0.0,0.0,0.0,0.0,0.0,0.0,0.0,0.0,0.0,1.0
Santa Rosa do Tocantins,171890,TO,7.0,0.0,4.0,0.0,0.0,0.0,0.0,1.0,0.0,0.0,0.0,1.0
Santa Tereza do Tocantins,171900,TO,0.0,0.0,2.0,0.0,0.0,1.0,0.0,0.0,0.0,0.0,0.0,0.0
Santa Terezinha do Tocantins,172000,TO,0.0,0.0,0.0,2.0,1.0,4.0,0.0,0.0,1.0,0.0,1.0,0.0
Silvanópolis,172065,TO,2.0,1.0,13.0,17.0,5.0,1.0,0.0,3.0,2.0,1.0,2.0,4.0
São Bento do Tocantins,172010,TO,0.0,0.0,1.0,2.0,1.0,4.0,0.0,0.0,0.0,0.0,0.0,0.0
São Félix do Tocantins,172015,TO,0.0,0.0,0.0,0.0,0.0,0.0,0.0,0.0,0.0,0.0,0.0,0.0
São Miguel do Tocantins,172020,TO,8.0,2.0,3.0,3.0,2.0,0.0,0.0,0.0,0.0,0.0,0.0,0.0
São Salvador do Tocantins,172025,TO,0.0,0.0,0.0,0.0,0.0,0.0,1.0,0.0,0.0,0.0,0.0,0.0
São Sebastião do Tocantins,172030,TO,1.0,0.0,0.0,0.0,1.0,0.0,0.0,0.0,0.0,0.0,0.0,1.0
São Valério,172049,TO,0.0,0.0,0.0,1.0,0.0,0.0,0.0,0.0,0.0,0.0,0.0,0.0
Sítio Novo do Tocantins,172080,TO,3.0,1.0,1.0,2.0,0.0,1.0,0.0,0.0,0.0,0.0,0.0,0.0
Taguatinga,172090,TO,0.0,0.0,6.0,3.0,3.0,11.0,0.0,3.0,0.0,1.0,1.0,0.0
Taipas do Tocantins,0,TO,,,,,,,,,,,,
Talismã,172097,TO,1.0,0.0,0.0,0.0,1.0,2.0,4.0,1.0,2.0,0.0,1.0,1.0
Tocantinópolis,172120,TO,1.0,17.0,2.0,46.0,33.0,25.0,9.0,4.0,18.0,2.0,1.0,5.0
Tocantínia,172110,TO,4.0,0.0,4.0,1.0,3.0,8.0,5.0,2.0,0.0,1.0,1.0,8.0
Tupirama,172125,TO,3.0,6.0,2.0,1.0,0.0,3.0,3.0,1.0,0.0,1.0,0.0,1.0
Tupiratins,172130,TO,4.0,2.0,0.0,1.0,1.0,0.0,0.0,0.0,0.0,0.0,0.0,2.0
Wanderlândia,172208,TO,5.0,3.0,0.0,0.0,1.0,0.0,1.0,0.0,0.0,0.0,1.0,2.0
Xambioá,172210,TO,40.0,37.0,30.0,1.0,13.0,18.0,6.0,1.0,12.0,19.0,5.0,24.0
