"Município";"2007/Ago";"2007/Set";"2007/Out";"2007/Nov";"2007/Dez";"2008/Jan";"2008/Fev";"2008/Mar";"2008/Abr";"2008/Mai";"2008/Jun";"2008/Jul";"2008/Ago";"2008/Set";"2008/Out";"2008/Nov";"2008/Dez";"2009/Jan";"2009/Fev";"2009/Mar";"2009/Abr";"2009/Mai";"2009/Jun";"2009/Jul";"2009/Ago";"2009/Set";"2009/Out";"2009/Nov";"2009/Dez";"2010/Jan";"2010/Fev";"2010/Mar";"2010/Abr";"2010/Mai";"2010/Jun";"2010/Jul";"2010/Ago";"2010/Set";"2010/Out";"2010/Nov";"2010/Dez";"2011/Jan";"2011/Fev";"2011/Mar";"2011/Abr";"2011/Mai";"2011/Jun";"2011/Jul";"2011/Ago";"2011/Set";"2011/Out";"2011/Nov";"2011/Dez";"2012/Jan";"2012/Fev";"2012/Mar";"2012/Abr";"2012/Mai";"2012/Jun";"2012/Jul";"2012/Ago";"2012/Set";"2012/Out";"2012/Nov";"2012/Dez";"2013/Jan";"2013/Fev";"2013/Mar";"2013/Abr";"2013/Mai";"2013/Jun";"2013/Jul";"2013/Ago";"2013/Set";"2013/Out";"2013/Nov";"2013/Dez";"2014/Jan";"2014/Fev";"2014/Mar";"2014/Abr";"2014/Mai";"2014/Jun";"2014/Jul";"2014/Ago";"2014/Set";"2014/Out";"2014/Nov";"2014/Dez";"2015/Jan";"2015/Fev";"2015/Mar";"2015/Abr";"2015/Mai";"2015/Jun";"2015/Jul";"2015/Ago";"2015/Set";"2015/Out";"2015/Nov";"2015/Dez";"2016/Jan";"2016/Fev";"2016/Mar";"2016/Abr";"2016/Mai";"2016/Jun";"2016/Jul";"2016/Ago";"2016/Set";"2016/Out";"2016/Nov";"2016/Dez";"2017/Jan";"2017/Fev";"2017/Mar";"2017/Abr";"2017/Mai";"2017/Jun";"2017/Jul";"2017/Ago";"2017/Set";"2017/Out";"2017/Nov";"2017/Dez";"2018/Jan";"2018/Fev";"2018/Mar";"2018/Abr";"2018/Mai";"2018/Jun";"2018/Jul";"2018/Ago";"2018/Set";"2018/Out";"2018/Nov";"2018/Dez";"2019/Jan";"2019/Fev";"2019/Mar";"2019/Abr";"2019/Mai";"2019/Jun";"2019/Jul";"2019/Ago";"2019/Set";"2019/Out";"2019/Nov";"2019/Dez";"2020/Jan";"2020/Fev";"2020/Mar";"2020/Abr";"2020/Mai";"2020/Jun";"2020/Jul";"2020/Ago";"2020/Set";"2020/Out";"2020/Nov";"2020/Dez";"2021/Jan";"2021/Fev";"Total"
"150010 Abaetetuba";-;-;1;-;9;13;8;12;23;11;3;1;1;4;3;7;2;6;3;7;7;1;6;1;6;3;5;4;3;-;2;2;7;16;7;5;22;49;66;33;52;47;36;28;18;5;7;7;1;3;6;9;34;51;72;35;27;6;3;5;8;10;11;4;6;10;16;18;44;6;14;13;1;-;10;6;-;9;3;1;2;3;-;1;3;1;2;3;2;3;-;4;1;2;-;5;6;8;4;8;14;11;28;12;2;2;1;4;6;7;7;11;3;8;5;6;3;4;1;1;2;1;3;1;1;3;1;1;-;1;-;-;1;-;-;1;1;-;2;-;1;1;1;-;-;-;-;-;2;-;1;-;-;-;-;-;-;-;1;-;-;-;-;1221
"150013 Abel Figueiredo";-;-;-;-;1;-;1;2;3;5;-;-;-;1;-;-;-;7;6;3;3;3;-;-;1;-;-;2;-;2;2;-;-;-;-;3;2;2;3;9;7;1;1;1;-;2;2;-;-;1;2;2;6;7;8;6;-;2;4;1;-;-;-;-;-;1;3;1;5;2;-;-;-;1;1;1;-;-;-;1;3;-;-;1;1;-;-;-;1;2;-;1;-;1;-;-;-;-;-;1;-;-;-;-;1;2;-;-;-;-;-;-;-;1;-;1;1;-;-;-;1;-;-;-;-;-;-;-;-;-;-;-;-;-;-;-;1;1;-;-;-;1;1;1;2;-;-;-;1;-;-;1;-;-;-;-;-;-;-;-;-;-;-;157
"150020 Acará";-;-;-;-;7;11;21;6;12;16;8;2;2;2;1;-;5;5;10;20;8;7;1;-;2;1;3;-;-;1;2;1;3;2;1;1;1;2;3;5;1;1;1;1;6;-;-;-;-;-;-;-;-;2;3;4;2;-;-;-;-;-;-;-;-;-;2;1;-;-;-;-;-;-;-;-;1;-;2;1;-;1;-;-;-;-;-;2;-;-;-;2;-;-;1;-;1;-;-;-;-;-;1;-;-;-;-;-;-;-;-;-;-;-;-;3;-;-;-;-;-;-;-;-;-;-;-;-;-;-;-;1;-;1;-;-;-;-;1;-;-;1;-;-;-;-;-;-;-;-;-;-;-;-;-;-;-;-;-;-;-;-;-;215
"150030 Afuá";-;-;-;-;-;-;-;1;1;2;-;-;-;-;-;-;-;-;-;-;-;-;-;-;-;-;-;-;-;1;-;-;-;1;-;1;-;1;-;-;-;-;-;1;-;-;1;1;-;-;-;-;-;-;-;-;-;-;-;-;-;-;1;-;-;-;-;1;-;-;-;-;-;-;-;-;-;-;-;-;-;-;-;-;-;-;-;-;-;-;-;-;-;1;-;-;1;-;-;-;-;-;-;-;-;-;-;-;-;-;-;-;-;-;1;-;-;-;-;-;-;-;-;-;-;-;-;-;-;-;-;-;-;-;1;1;-;-;-;-;-;-;-;-;-;-;-;-;-;-;-;-;-;-;-;-;-;-;-;-;-;-;-;18
"150034 Água Azul do Norte";-;1;-;6;21;28;18;48;63;19;-;2;-;1;2;7;6;4;7;22;16;12;11;3;2;1;4;-;5;4;3;13;20;21;12;6;4;11;3;12;2;7;5;8;22;8;2;-;1;-;2;1;2;5;6;15;12;6;1;2;-;1;-;3;-;4;11;9;6;10;1;-;2;3;1;3;4;1;-;1;2;1;-;-;-;-;-;-;-;-;-;-;-;-;-;-;1;1;2;1;6;9;2;3;1;6;1;1;-;1;-;1;-;22;62;55;26;26;2;-;-;-;-;-;-;1;-;-;-;-;-;-;-;-;-;-;-;-;-;4;7;11;8;1;-;1;1;2;-;1;3;2;3;3;-;-;1;-;-;-;-;-;-;866
"150040 Alenquer";-;-;-;-;-;-;5;6;20;4;-;1;-;-;-;-;-;-;-;-;-;-;-;-;-;-;-;1;-;-;-;-;-;-;-;-;-;-;-;-;-;2;2;2;-;1;-;-;-;-;-;-;-;-;-;-;1;-;-;-;-;-;-;-;-;-;-;-;-;-;-;-;-;-;-;-;-;-;-;-;-;-;-;-;-;-;-;-;-;-;-;2;7;7;5;-;5;-;-;1;-;-;-;-;-;1;-;-;-;-;-;-;-;-;-;-;-;-;-;-;-;-;-;-;-;1;1;2;1;-;-;-;-;-;-;1;-;-;-;-;1;1;-;-;-;1;-;-;-;-;2;1;-;-;-;-;-;-;-;-;-;-;-;85
"150050 Almeirim";-;-;-;-;-;-;-;-;-;-;-;-;-;-;-;-;-;-;-;-;-;-;-;-;-;-;-;-;-;-;-;-;-;-;-;-;-;-;-;-;-;-;-;-;-;-;-;-;-;-;-;-;-;-;-;-;1;-;-;-;-;-;-;-;-;-;-;-;-;-;-;-;-;-;-;-;-;-;-;-;-;-;-;-;-;-;-;-;-;-;-;-;-;-;-;-;-;-;-;-;-;-;-;-;-;-;-;-;-;-;-;-;-;1;-;1;2;-;-;-;-;-;-;-;-;-;-;-;-;-;-;-;-;1;-;-;-;-;-;-;-;-;-;-;-;-;-;-;-;-;-;-;-;-;-;-;-;-;-;-;-;-;-;6
"150060 Altamira";-;-;-;-;-;-;-;-;-;-;-;-;-;1;1;-;-;-;-;-;-;-;-;-;-;-;36;57;61;88;44;58;19;41;46;17;12;25;15;22;27;39;69;100;49;38;51;28;39;32;17;25;37;48;52;81;28;46;11;26;41;24;30;33;27;26;38;41;48;23;35;22;42;7;39;21;27;21;18;25;36;18;29;23;15;16;8;22;23;16;19;21;53;20;24;9;19;14;5;4;11;10;10;16;20;8;4;3;10;4;3;2;1;5;6;7;6;4;1;6;3;7;-;2;-;2;3;1;1;3;1;-;-;-;-;-;-;-;1;-;-;-;-;-;-;-;-;1;1;6;3;9;2;-;2;-;3;-;-;-;-;-;-;2556
"150070 Anajás";-;-;-;-;-;-;-;1;-;-;-;-;-;-;-;-;-;-;-;-;-;-;-;-;-;-;-;-;-;-;-;-;-;-;-;-;-;-;-;-;-;2;1;2;2;1;1;-;-;-;-;-;1;-;-;-;-;1;-;-;-;-;-;-;-;-;-;-;1;1;1;-;-;-;-;-;1;-;-;1;-;-;-;-;-;-;-;-;-;-;1;-;-;-;-;-;-;-;1;-;-;-;-;-;-;-;-;-;-;-;-;-;-;-;-;1;1;-;-;-;1;-;-;-;-;-;-;-;-;-;-;-;-;-;-;-;-;-;-;-;-;-;-;-;-;-;-;-;-;-;-;-;-;-;-;-;-;-;-;-;-;-;-;22
"150080 Ananindeua";-;5;18;6;35;69;62;52;120;74;35;14;23;20;26;40;40;48;60;59;23;5;6;5;5;1;7;3;5;16;44;73;72;67;61;70;57;62;67;66;54;52;71;95;57;64;35;42;48;57;62;87;80;106;94;73;41;36;33;11;16;18;7;11;13;28;34;38;32;17;2;5;4;2;6;5;7;7;10;9;6;1;2;5;1;2;1;2;1;3;2;3;4;1;3;-;2;4;4;2;11;8;6;2;4;-;1;1;1;-;1;1;-;-;1;1;-;-;-;-;-;-;-;-;2;-;1;1;1;1;-;3;-;4;1;1;1;1;3;3;2;-;1;1;-;2;-;-;-;-;1;-;-;-;-;-;-;-;-;-;-;-;-;3107
"150085 Anapu";-;-;-;-;-;-;-;-;-;-;-;-;-;-;-;-;-;-;-;-;-;-;-;1;1;-;3;-;4;8;7;1;3;3;2;2;1;-;1;-;1;3;-;2;1;-;1;4;-;1;-;-;1;1;-;1;1;-;-;1;-;-;1;1;-;1;-;4;-;2;4;4;8;3;10;-;10;15;18;11;2;2;3;2;-;-;-;-;-;1;1;-;2;-;-;-;1;-;-;1;-;1;-;1;3;-;-;-;-;-;-;3;5;15;15;5;5;1;1;-;2;-;2;-;-;-;-;2;1;-;-;-;-;-;-;-;-;-;1;1;4;8;-;7;6;9;5;2;-;-;9;5;-;5;-;-;-;-;-;-;-;-;-;286
"150090 Augusto Corrêa";-;-;-;-;2;12;12;8;16;15;15;5;4;2;9;10;29;41;27;13;16;5;4;8;12;4;3;6;7;7;7;12;23;11;13;10;16;14;15;8;27;22;31;41;14;8;5;5;10;8;6;9;11;3;10;22;14;31;22;7;3;6;8;13;4;1;15;16;18;7;5;2;2;7;5;1;2;2;2;1;5;-;-;-;-;-;1;-;1;5;3;11;11;13;9;3;2;8;9;8;13;11;4;23;8;3;4;6;2;2;6;-;-;5;1;4;4;3;2;6;-;1;2;-;-;8;8;11;9;13;9;10;4;7;4;4;4;5;2;7;2;4;3;1;1;1;-;1;1;-;3;3;-;-;-;-;-;-;-;1;-;-;-;1172
"150095 Aurora do Pará";-;-;-;-;-;2;1;-;2;1;-;-;-;-;-;1;-;-;-;1;-;-;-;-;-;-;-;-;-;-;-;-;1;-;-;-;-;-;-;-;-;1;-;5;2;-;-;2;-;-;-;-;-;-;3;-;1;1;1;2;2;-;-;-;1;-;-;2;3;-;-;-;-;-;-;-;-;-;-;-;-;-;-;-;-;-;1;2;-;-;1;-;1;-;-;-;-;-;2;-;-;-;6;-;3;1;-;-;-;-;-;-;-;-;-;1;-;-;-;1;1;-;-;-;-;-;2;1;-;-;-;-;-;-;-;-;-;-;-;-;-;-;-;-;-;-;-;-;-;-;-;-;-;-;-;-;-;-;-;-;-;-;-;58
"150100 Aveiro";-;-;-;-;-;-;-;-;-;-;-;-;-;-;-;-;-;-;-;1;-;-;-;-;-;-;-;-;-;-;-;-;-;-;-;-;-;-;-;-;1;-;-;1;-;-;-;-;-;-;-;-;-;-;-;-;-;-;-;-;-;-;-;-;-;-;-;-;-;-;-;-;-;-;-;-;-;-;-;-;-;-;-;-;-;-;-;-;-;-;-;-;-;-;-;-;-;-;-;-;-;-;-;-;-;-;-;-;-;-;-;-;-;-;-;-;-;-;-;-;-;-;-;-;-;-;-;-;-;-;-;-;-;-;-;-;-;-;-;-;-;-;-;-;-;-;-;-;-;-;-;-;-;-;-;-;-;-;-;-;-;-;-;3
"150110 Bagre";-;-;-;-;-;-;-;-;-;-;-;-;-;-;-;-;-;-;-;-;-;-;-;-;-;-;-;-;-;-;-;-;-;-;-;-;-;-;-;-;-;-;-;-;-;-;-;-;-;-;-;-;-;-;-;-;-;-;-;-;-;-;-;-;-;-;-;-;-;-;-;-;-;-;-;-;-;-;-;-;-;-;-;-;-;-;-;-;-;-;-;-;-;-;-;-;-;-;-;1;1;-;-;-;-;-;-;-;-;-;-;-;-;-;-;-;-;-;-;-;-;-;-;-;-;-;-;-;-;-;-;-;-;-;-;-;-;-;-;-;-;-;-;-;-;-;-;-;1;-;-;-;-;-;-;-;-;-;-;-;-;-;-;3
"150120 Baião";-;-;-;-;-;-;-;-;-;-;1;1;-;-;-;1;-;-;1;-;-;1;-;-;-;-;-;-;-;-;-;-;-;1;-;-;-;-;-;-;-;-;-;-;-;-;-;-;-;-;-;-;-;-;-;-;-;-;-;-;-;-;-;-;-;-;-;-;1;-;-;-;-;-;-;-;-;-;-;-;-;1;-;-;-;-;-;-;-;-;-;-;-;-;-;-;-;-;-;-;-;-;-;-;-;-;-;-;-;-;-;-;-;-;-;-;-;-;-;-;-;-;-;-;-;-;-;2;-;-;-;-;-;-;-;-;-;-;-;-;-;1;-;-;-;-;-;-;-;-;-;-;1;-;-;-;-;1;-;-;-;-;-;13
"150125 Bannach";-;-;-;-;-;1;-;1;1;-;-;-;-;-;1;3;-;-;1;4;-;1;-;-;-;-;-;-;-;-;1;2;4;5;1;3;-;-;-;-;5;1;8;10;5;1;-;-;-;1;-;-;1;1;-;-;-;-;-;-;-;-;-;-;-;-;1;-;7;18;11;-;-;-;-;-;-;-;2;4;1;1;-;-;-;-;-;-;-;-;1;1;1;-;-;-;-;-;-;-;-;-;-;-;-;-;-;-;-;-;-;-;1;6;-;1;-;-;-;-;-;-;-;-;-;-;-;-;-;-;-;-;-;-;-;-;-;-;-;-;-;-;-;-;-;-;-;7;-;1;-;-;-;-;-;-;-;-;-;1;-;-;-;127
"150130 Barcarena";-;1;-;-;-;5;1;2;5;2;1;1;1;1;-;2;-;1;5;3;1;2;1;-;-;2;-;-;-;-;1;6;4;2;4;7;5;8;8;4;6;6;5;4;2;3;2;1;6;1;5;7;9;23;24;7;-;7;4;5;8;3;6;3;-;8;7;22;5;-;1;-;-;1;1;1;-;-;2;2;4;1;-;1;-;-;-;2;-;-;1;1;2;2;1;-;5;1;3;2;3;2;4;3;2;2;1;1;3;-;-;1;-;1;-;-;1;-;-;-;1;-;-;1;-;-;1;1;1;-;-;1;1;-;-;-;-;1;-;-;-;-;-;-;-;-;-;-;-;-;-;-;-;1;-;-;-;-;-;-;-;-;-;342
"150140 Belém";-;-;-;1;11;29;42;37;31;20;8;9;6;9;7;20;18;19;42;57;37;25;13;8;3;2;4;5;3;13;37;44;60;43;51;31;45;23;46;47;42;33;37;43;24;17;10;12;5;21;17;20;25;27;33;27;20;18;15;7;12;10;9;4;3;3;12;15;10;4;8;5;4;4;4;4;1;2;1;3;6;10;2;7;5;1;1;2;3;2;5;8;5;6;5;7;5;1;1;-;2;3;-;5;2;-;1;2;1;-;-;-;-;-;1;-;-;-;-;3;-;1;1;1;-;2;2;2;-;1;1;2;-;2;2;1;-;2;3;3;2;1;1;1;2;-;1;2;2;6;3;4;3;-;-;-;-;1;-;1;-;-;-;1635
"150145 Belterra";-;-;-;-;-;-;1;2;5;10;6;-;-;-;-;4;3;3;8;3;-;2;-;1;-;-;-;-;-;-;-;2;1;-;4;3;10;5;4;10;9;25;6;5;3;1;-;-;-;1;-;-;-;-;-;1;7;3;2;8;4;4;2;1;-;9;2;-;4;-;-;-;-;-;-;-;-;1;-;-;-;-;-;-;-;-;-;-;-;-;-;-;-;-;-;-;-;-;-;-;1;-;-;1;-;-;-;-;-;-;-;-;-;1;2;5;1;1;-;1;2;-;-;1;-;2;2;-;1;-;-;-;-;-;-;-;-;-;-;-;-;-;-;-;-;1;-;-;-;-;-;-;-;-;-;-;-;-;-;-;-;-;-;207
"150150 Benevides";-;-;-;-;-;2;3;5;1;-;1;-;1;1;-;-;-;5;4;1;6;3;1;-;1;-;1;-;-;2;-;-;-;4;3;6;3;6;2;3;12;5;9;2;4;2;1;-;-;-;2;-;3;1;2;1;1;2;1;2;-;-;1;-;-;-;4;-;-;-;-;-;-;-;-;-;-;-;-;-;-;-;-;-;-;2;-;-;-;-;-;-;-;1;-;1;1;-;-;-;-;-;-;-;1;-;-;-;-;-;1;-;-;-;-;-;-;-;-;-;-;-;-;-;-;1;-;-;1;-;-;-;-;-;-;-;2;-;-;-;-;-;-;-;-;-;1;-;-;-;-;-;-;-;-;-;-;-;-;-;-;-;-;132
"150157 Bom Jesus do Tocantins";-;-;-;4;6;18;23;23;14;4;6;-;-;2;-;3;-;6;18;10;7;8;2;1;-;-;2;-;1;-;3;5;9;1;3;2;9;7;4;14;9;2;17;8;2;3;1;-;-;-;1;4;5;6;1;-;-;-;-;1;-;-;-;-;-;3;-;-;1;-;-;-;-;-;-;-;-;-;-;1;1;-;-;-;-;-;1;-;-;-;-;-;2;1;-;1;-;-;-;-;1;1;-;-;9;9;-;1;-;-;-;-;-;7;5;13;-;-;-;-;-;-;-;-;1;1;1;2;1;1;-;-;-;-;-;1;2;1;1;1;3;-;-;-;-;-;-;-;3;2;-;-;-;-;-;-;-;-;-;-;-;-;-;353
"150160 Bonito";-;-;-;-;-;-;2;4;2;1;2;2;-;-;-;-;-;-;-;1;1;1;-;-;-;-;-;-;-;-;-;-;-;-;-;-;-;-;1;2;-;-;-;-;-;-;-;-;-;-;-;-;-;1;1;-;1;1;-;-;-;-;-;-;-;-;-;-;-;-;-;-;-;-;-;-;-;-;-;-;-;-;-;-;1;-;-;-;-;-;-;-;-;-;-;-;-;-;-;-;-;-;-;-;-;-;-;-;-;-;-;-;-;-;-;-;-;-;-;-;-;-;-;-;-;-;-;-;-;-;-;-;-;-;1;-;-;-;-;-;-;1;-;-;-;-;-;-;-;1;-;-;-;-;-;-;-;-;-;-;-;-;-;27
"150170 Bragança";-;-;-;-;9;14;14;25;49;33;18;10;11;14;16;26;20;26;21;25;16;7;5;8;1;2;1;1;1;2;8;5;5;4;14;20;28;30;16;22;26;50;40;56;27;11;10;18;25;12;14;10;4;13;11;19;19;27;24;16;7;5;12;7;3;4;16;21;25;7;4;6;4;3;3;4;3;4;9;9;7;3;3;2;1;-;3;1;1;1;-;6;3;5;6;4;2;8;1;2;13;12;11;20;27;13;22;12;8;26;18;7;10;16;23;14;25;43;30;16;8;9;5;-;-;6;2;2;4;6;9;2;1;2;2;3;-;-;5;14;9;10;6;4;2;3;4;5;6;10;11;9;2;-;-;-;-;-;-;-;-;1;-;1702
"150172 Brasil Novo";-;-;-;-;-;-;-;-;-;-;-;-;-;-;-;-;-;-;-;-;-;-;-;-;-;-;-;1;-;-;-;2;1;-;1;1;-;-;2;-;-;1;2;1;-;1;-;1;1;-;1;-;-;1;-;1;-;1;-;-;-;1;1;-;-;1;-;-;-;-;1;1;1;-;-;-;2;-;-;-;-;-;1;1;-;-;-;-;-;-;-;-;-;3;-;-;-;-;1;1;1;-;1;2;-;-;1;1;1;-;-;1;-;1;-;2;-;-;-;-;-;-;-;-;-;-;-;-;-;-;-;-;-;-;-;-;-;-;1;-;-;-;-;1;-;-;-;-;-;-;-;2;1;-;-;-;-;-;-;-;-;-;-;50
"150175 Brejo Grande do Araguaia";-;-;-;-;1;1;8;7;-;4;-;1;-;-;3;5;-;3;4;1;6;3;-;1;1;-;-;-;-;1;3;4;2;-;-;1;-;-;-;-;-;6;5;-;2;1;1;-;-;-;-;-;-;4;5;-;-;-;-;-;-;-;-;-;-;-;-;-;-;-;-;-;-;-;-;1;2;3;3;2;1;-;-;-;-;-;-;-;-;-;-;7;2;-;1;-;-;-;-;-;-;-;-;-;1;1;-;-;-;-;-;-;10;4;-;1;-;2;1;-;-;-;-;-;-;-;-;3;8;1;-;-;-;-;-;-;-;-;-;-;2;-;-;-;-;-;-;-;-;-;-;-;-;-;-;-;-;-;-;-;-;-;-;140
"150178 Breu Branco";-;-;-;-;3;3;14;14;7;2;1;1;-;-;-;-;1;-;3;1;5;-;-;3;-;-;-;-;-;-;-;-;-;-;-;-;-;-;1;-;2;-;-;6;-;2;-;-;-;1;-;-;-;1;2;-;-;-;-;1;-;-;-;-;-;-;-;1;2;-;-;-;-;-;-;-;-;-;1;-;-;-;-;-;-;-;-;-;2;1;-;8;2;-;2;2;-;-;2;-;-;1;3;1;5;-;-;-;-;-;-;1;-;-;-;-;-;1;-;-;-;-;-;-;-;-;-;-;-;-;-;-;-;-;-;-;-;1;-;-;1;-;-;-;-;1;-;-;-;2;-;1;-;-;-;-;-;-;-;-;-;-;-;115
"150180 Breves";-;-;-;-;-;2;-;3;2;3;1;-;-;-;-;-;1;1;4;9;2;1;-;-;-;1;-;2;-;1;1;4;2;1;1;1;1;-;-;2;2;-;6;7;3;5;4;2;1;2;1;-;-;4;3;6;-;3;3;1;-;-;-;1;-;-;3;3;3;-;3;1;-;1;-;-;2;-;1;1;-;-;-;-;-;1;2;-;1;2;2;3;-;-;3;2;5;-;4;5;9;5;11;7;-;2;2;1;1;3;2;-;1;-;-;-;-;-;-;-;-;-;-;-;-;-;-;-;1;-;-;2;-;-;-;-;-;-;1;-;2;-;-;-;-;-;-;-;-;1;-;-;-;-;-;-;-;-;-;-;-;-;-;199
"150190 Bujaru";-;-;-;-;-;1;1;2;6;2;2;-;-;-;-;-;-;-;-;1;-;-;-;-;-;-;-;-;-;-;1;7;1;-;-;-;-;-;-;-;-;-;-;1;-;-;-;-;-;-;-;-;-;-;-;8;8;20;17;14;6;5;13;8;4;2;11;12;8;1;2;4;-;6;3;7;6;6;5;4;6;3;3;3;1;3;2;6;4;3;2;4;5;3;3;2;5;2;2;5;2;15;8;14;17;6;1;1;-;3;-;-;-;4;2;8;7;4;3;7;-;-;-;-;-;-;-;-;-;-;-;-;-;-;-;-;-;-;-;-;-;-;-;-;-;-;-;-;-;-;-;-;-;-;-;-;-;-;-;-;-;-;-;374
"150200 Cachoeira do Arari";-;-;-;-;-;-;-;-;-;-;-;-;-;-;-;-;-;-;-;-;-;-;-;-;-;-;-;-;-;-;-;-;-;1;3;-;-;-;-;-;-;-;-;-;-;-;-;-;-;-;-;-;-;-;-;-;-;-;-;-;-;-;-;-;-;-;-;-;-;-;-;-;-;-;-;-;-;-;-;-;-;-;-;-;-;-;-;-;-;-;-;-;-;-;-;-;-;-;-;-;-;-;-;-;1;-;-;-;-;-;-;-;-;-;-;-;-;-;-;-;-;-;-;-;-;-;-;-;-;-;-;-;-;-;-;-;-;-;-;-;-;-;-;-;-;-;-;-;-;-;-;-;-;-;-;-;-;-;-;-;-;-;-;5
"150195 Cachoeira do Piriá";-;-;-;-;-;1;-;2;1;1;-;1;-;1;-;-;-;-;1;-;-;1;-;1;-;-;-;1;-;-;-;-;1;-;-;-;1;-;-;1;-;-;1;1;-;-;-;-;-;-;-;-;-;-;-;-;-;-;-;-;-;-;-;-;-;-;-;-;-;-;-;-;-;-;-;-;-;-;-;-;-;-;-;-;-;-;-;-;-;-;-;-;-;-;-;-;-;-;-;-;-;-;-;-;2;2;2;-;-;-;-;-;-;-;-;-;-;-;-;-;-;-;-;-;-;-;-;-;-;-;-;-;-;-;-;-;-;-;-;-;-;-;-;-;1;-;-;-;-;-;-;-;-;-;-;-;-;-;-;-;-;-;-;23
"150210 Cametá";-;-;-;1;8;16;22;18;33;7;17;4;5;6;4;9;5;15;13;13;6;2;2;6;10;5;-;4;5;7;7;7;27;20;20;16;13;31;4;21;35;48;32;18;9;16;10;5;6;9;9;4;6;6;2;13;16;8;1;8;9;8;4;3;6;2;14;6;3;2;2;2;2;1;1;-;-;-;1;-;-;4;-;-;2;-;-;-;-;-;-;2;1;3;-;2;2;-;1;-;-;1;5;3;5;3;-;-;-;-;-;-;-;-;-;-;-;-;1;1;1;-;-;-;-;-;-;-;-;-;-;-;-;-;-;-;-;-;-;-;-;-;-;-;-;-;-;-;-;-;-;-;-;-;-;-;-;-;-;-;-;-;-;773
"150215 Canaã dos Carajás";-;-;-;-;-;2;-;-;1;-;1;-;-;-;-;-;-;-;3;1;-;3;4;-;-;-;-;-;-;-;-;6;1;6;-;2;-;-;-;-;2;10;3;1;-;-;-;-;-;-;-;-;1;-;1;2;-;2;-;-;-;-;-;-;-;-;-;-;1;-;-;-;-;-;-;-;-;1;1;3;1;1;-;-;-;-;-;-;-;-;-;2;1;4;4;-;1;1;1;-;-;2;1;-;-;2;-;-;-;-;-;-;1;5;3;3;1;-;-;-;1;-;-;-;-;1;-;-;-;-;-;-;-;-;-;-;-;5;4;3;2;1;3;-;-;-;-;-;-;-;-;-;-;-;-;-;-;-;-;-;-;-;-;112
"150220 Capanema";-;-;-;-;1;10;18;15;21;8;6;3;4;-;-;4;4;11;6;8;6;4;8;11;8;10;1;7;5;1;2;3;8;6;2;-;8;13;6;11;5;2;12;12;4;8;3;1;2;-;1;5;8;21;9;7;8;9;2;1;1;-;1;-;1;6;1;3;2;-;-;1;-;3;-;2;-;-;2;-;3;3;-;4;1;-;-;-;1;-;1;3;5;1;-;1;-;1;1;1;1;-;-;2;-;1;5;21;8;5;3;-;-;-;-;-;-;-;-;-;-;1;1;-;-;2;-;-;3;-;-;-;-;-;-;-;-;3;7;1;2;2;1;-;-;1;1;2;-;-;-;-;-;-;-;-;-;-;-;-;-;-;-;481
"150230 Capitão Poço";-;-;-;1;1;1;2;7;9;16;5;-;1;2;-;-;1;-;1;6;-;-;1;2;-;-;1;-;1;-;-;-;1;-;1;-;-;-;-;-;-;-;1;2;2;1;-;-;1;-;-;-;-;-;1;5;2;1;-;8;-;-;-;-;-;2;-;-;3;3;-;-;-;1;2;1;-;-;-;-;1;1;-;-;-;-;-;1;2;-;-;4;-;-;-;-;2;1;1;4;3;1;2;4;2;-;1;1;1;-;1;3;1;2;1;-;-;2;-;-;-;2;-;-;2;1;-;2;3;4;3;-;-;-;-;-;-;-;-;-;-;-;-;-;-;-;-;-;-;-;-;-;-;-;-;-;-;-;-;-;-;-;-;155
"150240 Castanhal";-;-;-;-;1;2;5;7;7;8;1;1;1;4;5;3;8;3;12;26;16;4;2;1;6;2;-;-;2;-;5;6;1;1;-;5;10;15;14;11;24;33;23;12;8;1;-;4;2;8;8;5;2;4;4;8;6;2;6;5;2;2;-;-;-;1;2;2;4;8;2;1;-;1;-;2;-;-;3;-;2;6;1;2;2;1;-;1;3;-;1;5;5;4;-;4;2;4;-;-;-;-;1;7;-;2;1;-;1;-;2;1;-;3;1;1;2;-;1;5;2;2;-;1;-;1;4;-;-;-;3;-;3;3;2;-;1;-;2;1;2;1;-;-;1;1;1;-;1;-;4;1;-;-;-;-;-;-;-;-;-;-;-;498
"150250 Chaves";-;-;-;-;-;-;-;-;-;-;-;-;-;-;-;-;-;-;-;-;-;-;-;-;-;-;-;-;-;-;-;-;-;-;-;-;-;-;-;2;-;-;-;-;-;-;-;-;-;-;-;-;-;-;-;-;-;-;-;-;-;-;-;-;-;-;-;-;-;-;-;-;-;-;-;-;-;-;-;-;-;-;-;-;-;-;-;-;-;-;-;-;-;-;-;-;-;-;-;-;-;-;-;-;-;-;-;-;-;-;-;-;-;-;-;-;-;-;-;-;-;-;-;-;-;-;-;-;-;-;-;-;-;-;-;-;-;-;-;-;-;-;-;-;-;-;-;-;-;-;-;-;-;-;-;-;-;-;-;-;-;-;-;2
"150260 Colares";-;-;-;-;1;-;-;-;-;-;-;-;-;-;-;-;-;-;1;-;-;-;2;-;-;-;-;-;-;-;-;-;-;-;-;-;-;-;-;-;-;-;-;-;-;-;-;-;-;-;-;-;-;-;-;-;-;-;-;-;-;-;-;-;-;-;-;-;-;-;-;-;-;-;-;-;-;-;-;-;-;-;-;-;-;-;-;-;-;-;-;-;-;-;-;-;-;-;-;-;-;-;1;-;-;-;-;-;-;-;-;-;-;-;-;-;-;-;-;-;-;-;-;-;-;-;-;-;-;-;-;-;-;-;-;-;-;-;-;-;-;-;-;-;-;-;-;-;-;-;-;-;-;-;-;-;-;-;-;-;-;-;-;5
"150270 Conceição do Araguaia";-;-;-;-;14;53;56;51;35;16;5;3;3;2;3;7;12;14;14;18;14;10;12;3;3;3;3;3;3;3;5;10;8;6;8;4;3;3;5;6;7;18;35;34;17;10;2;-;1;1;-;3;4;12;19;18;4;10;9;-;1;1;2;8;13;18;17;9;10;8;6;4;3;2;1;4;2;6;4;2;2;2;-;6;1;-;1;1;1;-;6;4;7;1;5;-;2;-;3;1;1;2;9;12;5;2;1;1;1;1;2;5;3;5;7;11;6;4;3;2;2;-;1;2;-;2;3;8;2;7;2;4;-;-;1;-;1;6;11;16;12;8;2;1;1;1;-;4;1;4;6;3;1;2;2;-;1;-;-;-;-;5;6;1000
"150275 Concórdia do Pará";-;-;-;-;-;-;-;-;-;-;-;-;-;1;-;-;-;1;1;-;-;-;-;-;-;-;-;-;-;-;-;1;-;1;-;-;-;-;-;-;1;2;-;2;-;-;-;-;-;-;-;-;-;-;-;3;1;1;-;-;1;1;1;-;-;-;1;-;-;-;-;1;-;-;-;-;-;-;-;-;-;-;1;-;-;-;-;-;-;-;-;-;-;-;-;-;-;1;-;-;-;-;-;1;-;-;-;-;-;-;-;-;-;-;-;-;-;-;-;-;-;-;-;-;-;-;-;-;-;-;-;1;2;-;1;-;-;-;-;-;1;1;-;-;2;-;-;-;-;-;-;-;-;-;-;-;-;-;-;-;-;-;-;31
"150276 Cumaru do Norte";-;-;-;-;-;2;-;-;3;-;-;-;-;-;-;-;-;1;-;1;-;-;-;-;-;-;-;-;-;-;-;-;-;-;-;-;-;-;-;-;-;1;1;2;-;-;-;1;-;-;-;-;-;-;-;1;-;1;-;2;-;-;-;-;-;3;-;1;3;1;-;-;-;-;-;1;-;4;1;7;4;-;3;1;-;-;-;-;-;1;3;4;1;1;-;2;-;1;1;1;-;3;4;-;1;2;2;-;4;-;-;-;-;-;3;1;1;-;-;-;-;-;-;-;1;-;-;-;-;-;-;-;-;-;-;-;-;-;-;-;1;-;-;-;-;-;-;-;-;1;-;-;-;-;-;-;-;-;-;-;-;-;-;84
"150277 Curionópolis";-;-;-;1;4;4;5;16;1;6;2;1;-;1;-;-;1;3;3;12;17;12;18;4;-;-;-;-;-;2;-;3;2;2;1;3;2;-;-;-;1;1;9;9;6;1;2;-;1;1;-;-;-;-;4;-;-;-;-;-;-;-;-;-;-;-;-;1;-;1;1;-;-;-;-;-;-;-;2;2;-;-;-;-;-;-;-;2;-;-;-;-;1;-;-;-;-;-;-;-;-;-;-;-;-;-;-;-;-;-;-;-;-;-;2;5;6;1;-;-;-;-;-;-;-;1;2;-;6;-;-;-;-;-;1;2;5;7;8;7;13;11;7;3;2;2;1;9;7;13;11;5;5;5;5;-;-;1;-;2;8;-;-;334
"150280 Curralinho";-;-;-;-;-;-;-;-;-;1;1;-;-;-;-;-;-;1;-;1;-;-;-;-;-;-;-;-;-;-;-;-;-;-;1;-;-;-;1;-;-;-;1;-;-;-;-;-;-;-;-;-;-;-;-;-;-;1;-;-;-;-;-;-;-;-;-;-;-;-;-;-;1;-;-;-;-;-;-;-;-;-;-;-;-;-;-;-;-;-;-;-;-;-;-;-;-;-;1;-;-;-;-;-;-;1;-;-;-;-;-;-;-;-;-;-;-;-;-;-;-;-;-;-;-;-;-;-;-;-;-;-;-;-;-;-;-;-;-;-;-;-;-;-;-;-;-;-;-;-;-;-;-;-;-;-;-;-;-;-;-;-;-;11
"150290 Curuçá";-;-;-;-;-;2;-;-;1;-;-;-;-;-;-;-;-;-;-;-;-;-;-;-;-;-;-;-;-;-;-;1;2;8;3;7;20;12;4;1;3;3;-;2;-;-;-;-;-;-;3;-;-;-;-;3;-;-;-;-;-;-;-;-;-;-;5;1;-;1;-;-;-;-;-;-;-;-;-;-;1;-;-;2;-;-;-;-;-;1;-;1;1;-;-;-;-;-;2;-;-;3;-;2;2;-;-;-;-;-;-;-;-;-;-;-;-;1;-;-;-;-;-;-;-;-;-;-;-;-;-;-;-;-;-;-;-;-;-;-;-;1;-;1;-;-;-;-;-;-;-;-;-;-;-;-;-;-;-;-;-;-;-;100
"150293 Dom Eliseu";-;-;-;-;2;14;13;19;55;30;13;12;2;1;3;4;7;5;14;33;16;9;2;-;1;-;1;-;-;-;-;1;-;2;3;-;3;6;1;-;-;3;8;6;1;4;1;-;-;-;-;-;-;2;1;-;2;4;13;4;4;2;3;4;5;3;3;10;13;11;3;5;1;8;4;6;7;11;4;3;13;14;11;6;6;1;1;3;2;6;6;17;9;12;7;2;2;1;-;4;6;4;14;83;99;68;13;4;-;1;1;-;3;3;12;11;13;14;7;1;1;-;1;-;1;2;1;1;1;-;-;-;-;-;-;-;-;1;-;3;2;5;2;3;1;1;-;-;-;1;1;-;-;-;-;-;-;1;1;-;-;-;-;941
"150295 Eldorado do Carajás";-;-;-;3;3;7;5;3;1;-;1;-;-;-;-;-;-;-;-;8;1;3;12;2;1;2;-;-;-;-;-;-;-;1;-;-;-;-;1;-;-;7;5;2;1;1;-;2;-;3;1;13;18;6;-;-;-;1;1;1;2;-;-;-;-;-;1;1;1;3;1;-;-;-;-;-;-;-;-;1;6;8;-;-;-;-;-;1;-;2;-;-;-;1;-;-;-;-;-;1;-;-;1;1;3;7;2;-;-;-;-;-;-;-;-;-;-;-;-;-;-;-;-;-;-;-;-;-;-;-;-;-;-;-;-;-;-;-;-;-;-;-;-;-;-;-;-;1;-;-;-;-;-;-;-;-;-;-;-;-;-;-;-;160
"150300 Faro";-;-;-;-;-;-;-;-;-;-;-;-;-;-;-;-;-;-;-;-;-;-;-;-;-;-;-;-;-;-;-;-;-;-;-;-;-;-;-;-;-;-;-;-;-;-;-;-;-;-;-;-;-;-;-;-;-;-;-;-;-;-;-;-;-;-;-;-;-;-;-;-;-;-;-;-;-;-;-;-;-;-;-;-;-;-;-;-;-;-;-;-;-;-;-;-;-;-;-;-;-;-;-;1;-;-;-;-;-;-;-;-;-;-;-;-;-;-;-;-;-;-;-;-;-;-;-;-;-;-;-;-;-;-;-;-;-;-;-;-;-;-;-;-;-;-;-;-;-;-;-;-;-;-;-;-;-;-;-;-;-;-;-;1
"150304 Floresta do Araguaia";-;-;-;-;-;-;2;6;2;1;-;-;-;-;-;-;-;9;27;6;11;2;3;-;-;-;-;4;-;9;4;3;2;1;2;-;-;-;1;2;3;7;15;11;13;-;3;-;-;1;1;2;6;2;1;1;1;1;-;-;-;-;-;-;5;2;1;-;1;1;-;-;-;-;-;-;-;-;-;-;-;-;-;-;-;1;-;-;-;1;-;1;4;-;1;-;-;-;-;1;-;2;3;3;2;1;1;-;1;-;-;-;-;-;-;1;-;1;-;-;-;-;-;-;-;-;-;1;-;1;-;-;-;-;-;-;-;-;-;-;-;1;-;-;-;-;-;-;-;-;-;-;-;-;-;-;-;-;-;-;-;-;-;202
"150307 Garrafão do Norte";-;-;-;-;-;-;-;1;-;-;-;-;-;1;-;-;-;-;-;1;-;-;-;-;-;-;-;-;-;-;-;-;-;-;-;-;1;-;-;-;-;-;-;-;-;1;-;-;-;-;-;-;-;-;-;-;1;-;-;-;-;-;-;-;-;1;-;-;-;-;-;-;-;-;-;-;1;-;-;-;-;-;-;-;-;-;-;-;-;-;-;1;-;-;-;-;-;-;-;-;1;-;1;-;-;-;-;-;-;-;-;-;-;-;-;-;-;-;-;-;-;-;-;-;-;-;-;-;-;-;-;-;-;1;-;-;-;-;-;-;-;-;-;1;-;-;-;-;-;-;-;-;-;-;-;-;-;-;-;-;-;-;-;13
"150309 Goianésia do Pará";-;-;-;1;-;21;29;9;13;4;2;-;-;1;1;-;1;3;6;2;8;9;13;1;2;4;3;1;-;-;-;-;3;5;-;1;-;-;-;1;-;9;13;-;-;1;1;-;-;1;1;1;8;19;10;1;9;5;1;2;-;4;-;1;-;1;2;1;1;-;-;-;-;-;-;-;-;-;1;-;-;1;-;-;-;-;-;-;-;-;-;1;-;-;1;-;-;-;-;-;1;10;12;15;18;12;6;12;25;6;5;1;-;3;36;32;10;22;8;1;6;7;1;2;2;6;-;3;2;1;-;-;-;1;-;2;-;6;5;3;3;5;2;2;-;-;-;1;1;2;2;2;-;-;-;-;-;-;-;-;-;-;-;542
"150310 Gurupá";-;-;-;-;-;-;-;-;-;-;-;-;-;-;-;-;-;-;-;-;-;-;-;-;-;-;-;-;-;-;-;-;-;-;-;-;-;-;-;-;-;-;-;-;-;-;-;2;-;-;-;1;-;-;-;1;-;-;1;-;-;-;1;3;-;-;-;-;-;-;-;-;-;-;-;-;-;-;-;-;-;-;-;-;-;-;-;-;-;1;1;-;-;-;-;1;-;-;1;-;-;-;-;1;-;-;-;-;-;-;-;-;-;-;-;-;-;-;-;-;-;-;-;-;-;-;-;-;-;-;-;-;-;-;-;-;-;-;-;-;-;-;-;-;-;-;-;-;-;-;-;-;-;-;-;-;-;-;-;-;-;-;-;14
"150320 Igarapé-Açu";-;-;-;-;1;1;3;4;2;1;-;-;-;-;-;-;1;1;-;5;4;3;-;-;-;-;-;-;-;1;1;-;-;1;-;1;-;-;-;1;-;2;9;3;-;2;2;-;-;-;2;2;3;-;-;2;4;6;3;-;1;-;3;-;1;-;-;3;-;-;-;-;-;-;1;-;-;-;-;-;-;-;-;-;-;-;1;-;-;-;-;-;-;-;-;-;-;1;-;-;-;-;-;-;-;-;-;-;-;-;-;-;-;-;-;-;-;-;-;-;-;-;-;-;-;-;2;-;1;2;-;-;-;-;-;-;-;-;-;-;-;-;-;-;-;-;-;-;-;-;-;-;-;-;-;-;-;-;-;-;-;-;-;87
"150330 Igarapé-Miri";-;-;-;-;-;2;5;4;8;3;4;-;4;-;1;2;1;2;-;6;1;-;-;-;-;2;-;-;-;1;1;2;2;3;-;-;-;-;2;-;2;7;9;8;2;-;-;-;1;1;-;-;-;2;2;2;3;1;1;-;-;-;-;-;-;2;4;-;-;-;-;-;-;-;-;-;-;-;-;-;-;-;-;-;-;-;-;-;-;-;-;1;-;-;-;-;-;-;-;-;-;1;2;1;1;-;-;-;-;1;-;-;1;-;-;-;-;-;1;-;1;-;-;-;-;-;1;-;1;-;-;-;-;-;-;-;-;-;-;-;-;-;-;-;1;-;-;-;-;-;-;-;-;-;-;-;-;-;-;-;-;-;-;116
"150340 Inhangapi";-;-;-;-;-;-;-;-;1;-;-;-;-;1;-;-;-;2;1;-;1;2;1;1;1;2;1;1;2;2;2;3;1;1;2;1;6;2;1;4;1;2;6;5;1;1;2;-;2;2;2;5;-;28;10;6;2;1;2;1;-;2;1;-;-;-;-;-;1;-;-;-;1;2;-;-;-;-;-;-;-;1;-;-;1;1;1;-;-;-;-;-;1;1;6;1;-;17;11;31;20;17;4;7;1;2;1;-;-;-;-;-;-;-;-;-;-;-;-;-;1;-;-;-;-;-;-;-;-;-;-;-;-;-;-;-;-;-;-;-;-;-;-;-;-;-;-;-;-;-;-;-;-;-;-;-;-;-;-;-;-;-;-;253
"150345 Ipixuna do Pará";-;-;-;-;-;-;-;-;-;1;-;-;-;-;-;-;-;-;-;-;1;-;-;-;-;-;-;-;-;-;-;-;2;-;-;1;1;-;-;1;1;5;-;6;-;-;-;-;-;-;-;-;2;-;1;1;-;-;1;-;-;-;-;-;-;1;-;-;4;-;1;-;-;1;-;-;-;2;1;2;3;-;-;-;1;2;1;-;-;-;1;1;-;2;-;-;2;3;-;-;-;-;-;1;3;-;-;-;-;-;-;-;-;-;-;-;-;2;-;-;-;-;-;-;-;-;-;-;-;-;-;-;-;-;-;-;-;1;-;-;-;1;-;1;-;-;-;-;-;-;-;-;-;-;-;-;-;-;-;-;-;-;-;61
"150350 Irituia";-;-;-;-;-;-;-;1;-;-;-;-;-;1;2;-;2;6;10;5;13;3;5;3;4;1;6;2;-;-;1;-;-;-;-;1;-;-;-;-;-;-;1;1;2;1;-;-;-;2;4;2;-;3;5;2;1;4;1;3;7;6;4;10;3;17;14;4;3;-;1;1;1;-;-;1;1;1;-;1;3;4;2;1;-;1;-;-;-;2;-;-;-;-;-;-;1;-;-;4;1;1;-;-;-;2;-;2;-;-;-;-;-;-;-;1;-;-;-;-;-;-;1;-;1;7;1;6;2;1;2;-;1;3;-;-;-;-;-;-;2;-;-;1;-;-;-;-;-;-;-;-;-;-;-;-;-;-;-;-;-;-;-;226
"150360 Itaituba";-;-;2;26;33;47;59;27;25;12;2;2;4;5;6;2;3;3;2;7;11;4;5;11;3;1;3;2;5;1;21;37;12;13;16;18;23;11;9;13;21;24;34;28;14;6;7;6;1;1;1;2;1;2;3;3;6;1;3;1;5;5;5;6;11;3;4;6;12;7;-;-;1;1;1;-;-;2;5;6;4;7;3;3;3;2;3;6;2;1;2;9;2;4;-;1;1;1;1;2;-;4;-;2;-;1;-;-;-;-;-;1;-;-;-;-;-;1;2;-;-;1;-;1;-;-;-;-;1;-;1;-;-;-;-;-;-;-;-;-;-;-;1;-;-;-;-;-;-;-;2;5;2;-;1;-;-;-;-;-;-;-;-;814
"150370 Itupiranga";-;-;-;-;1;10;25;20;13;5;4;1;1;1;5;4;3;7;14;13;12;1;10;6;2;1;-;4;4;-;6;-;4;-;1;2;1;4;10;20;26;26;18;17;10;5;3;2;3;2;-;-;1;1;8;4;2;1;2;3;1;1;3;1;2;8;6;1;4;2;6;3;3;1;3;1;-;1;2;2;1;3;3;1;1;-;-;-;2;4;1;-;2;1;1;-;-;1;-;-;-;2;3;1;2;-;2;1;8;6;5;3;2;3;1;5;-;-;1;2;1;3;2;-;1;1;1;1;-;2;-;1;2;-;-;-;-;-;1;3;1;3;-;-;-;-;-;-;-;-;-;-;-;-;-;-;-;-;-;-;-;-;-;491
"150375 Jacareacanga";-;-;-;-;-;-;-;-;-;2;-;-;-;-;-;-;-;-;-;-;-;-;-;-;-;-;-;-;-;-;-;-;-;-;-;-;-;-;1;-;-;-;-;-;-;-;-;-;-;-;-;-;-;-;-;-;-;-;-;-;-;-;-;-;-;-;-;-;-;-;-;-;-;-;-;-;-;-;-;-;-;-;-;-;-;-;-;-;-;-;-;-;-;-;-;-;-;-;-;-;-;-;-;-;1;-;-;-;-;-;-;-;-;-;-;-;-;-;-;-;-;-;-;-;-;-;-;-;-;-;-;-;-;-;-;-;-;-;-;-;-;-;-;-;-;-;-;-;-;-;-;-;-;-;-;-;-;-;-;-;-;-;-;4
"150380 Jacundá";-;-;-;8;64;70;24;17;10;6;8;4;3;4;1;5;8;11;15;5;22;29;15;5;3;-;1;-;1;7;11;26;14;10;8;4;1;2;5;13;2;27;67;117;44;17;10;12;8;10;12;14;23;38;69;51;25;8;19;7;-;2;1;3;-;2;7;17;32;18;13;6;3;2;4;5;2;5;10;6;8;5;-;4;4;7;4;2;4;3;5;5;5;4;1;-;-;-;-;-;-;1;-;1;1;-;1;2;1;1;-;-;1;5;41;21;4;1;1;-;-;-;-;-;-;1;-;2;2;1;1;-;1;-;-;-;-;-;-;3;1;1;1;-;-;-;-;-;-;-;-;1;-;-;-;-;-;-;-;-;-;-;-;1316
"150390 Juruti";-;-;-;-;-;1;-;-;5;7;-;2;-;-;-;-;-;-;9;27;12;8;4;3;1;-;-;-;-;-;1;5;16;9;8;3;2;-;-;-;-;1;3;5;6;1;2;-;-;-;-;1;1;-;2;-;2;-;-;1;2;3;2;1;5;6;5;2;2;1;-;1;-;1;1;-;-;-;-;-;-;-;-;-;-;-;-;-;-;-;-;-;-;-;-;-;-;-;-;-;-;1;-;1;-;1;-;-;-;-;-;-;-;-;-;-;-;-;-;-;-;-;-;-;-;-;-;-;-;-;-;-;-;-;-;-;-;-;-;-;-;-;-;-;-;-;-;-;-;-;-;-;-;-;-;-;-;-;-;-;-;-;-;183
"150400 Limoeiro do Ajuru";-;-;1;1;1;4;1;2;7;2;-;1;1;-;-;-;-;1;-;5;2;-;-;2;2;-;1;-;-;-;2;-;1;-;1;-;-;-;-;-;-;-;4;2;2;2;2;-;-;1;-;-;-;-;-;2;1;-;-;-;1;-;-;-;2;-;-;1;-;-;-;-;-;-;-;-;-;-;-;-;-;-;-;-;-;-;-;-;-;-;-;-;-;-;1;-;-;-;-;-;-;-;-;-;-;-;-;-;-;-;-;-;-;-;-;1;-;-;-;-;-;-;-;-;-;-;-;-;-;-;-;-;-;-;-;-;-;-;-;-;-;-;-;-;-;-;-;-;-;-;-;-;-;-;-;-;-;-;-;-;-;-;1;61
"150405 Mãe do Rio";-;-;-;-;4;2;1;3;5;1;2;3;6;2;3;5;5;10;14;13;10;7;2;2;-;1;-;-;-;-;-;1;-;-;1;1;-;1;-;-;-;1;2;2;6;-;-;-;-;-;-;-;-;-;-;-;-;1;3;11;12;8;4;-;2;12;12;5;3;2;-;-;-;-;-;-;-;-;-;-;1;-;1;-;-;2;-;-;-;1;-;-;1;-;1;-;-;4;-;-;-;1;2;-;-;-;-;-;-;-;-;-;-;-;-;-;-;-;2;-;-;1;-;-;-;-;-;4;1;-;-;1;1;2;5;6;4;3;4;6;-;-;1;-;2;1;-;-;-;-;-;2;-;-;-;-;-;-;-;-;-;-;-;251
"150410 Magalhães Barata";-;-;-;-;-;-;-;-;-;-;-;-;-;-;-;-;-;-;-;-;-;-;-;-;-;-;-;-;-;-;-;-;-;-;-;-;-;-;-;-;-;-;-;-;1;-;-;-;-;-;-;-;-;-;-;-;-;-;-;-;-;-;-;-;-;-;-;-;-;-;-;-;-;-;-;-;-;-;-;-;-;-;-;-;-;-;-;-;-;-;-;-;-;-;-;-;-;-;-;-;-;-;-;-;-;-;-;-;-;-;-;-;-;-;-;-;-;-;-;-;-;-;-;-;-;-;-;-;-;-;-;-;-;-;-;-;-;-;-;-;-;-;-;-;-;-;-;-;-;-;-;-;-;-;-;-;-;-;-;-;-;-;-;1
"150420 Marabá";1;-;1;3;11;13;42;22;20;10;3;2;1;1;1;-;-;3;3;6;9;7;8;3;-;4;-;1;2;-;5;-;-;-;-;-;-;1;-;2;2;7;13;8;4;2;1;1;-;-;-;-;3;4;2;2;2;1;1;-;-;1;-;-;-;2;1;-;-;-;-;1;2;-;-;-;1;-;1;3;-;-;-;-;-;-;1;1;1;-;1;4;3;6;1;-;-;1;1;1;1;1;1;-;1;1;1;-;3;-;2;-;2;2;1;2;-;-;-;-;-;-;-;1;-;-;-;-;-;-;-;-;-;-;-;-;-;1;2;2;4;1;2;1;-;-;-;-;-;-;-;-;-;-;-;-;-;-;-;-;-;-;-;303
"150430 Maracanã";-;-;-;-;-;5;19;19;22;8;3;1;6;3;3;4;3;-;1;-;2;6;9;2;2;1;-;-;-;-;-;3;-;-;1;1;2;-;2;2;2;9;2;4;2;-;-;-;1;2;1;1;3;2;1;2;1;3;5;1;3;-;2;-;-;-;1;1;-;-;-;-;-;-;-;-;1;-;-;-;-;-;-;-;1;1;-;-;1;-;-;-;-;-;1;-;-;1;-;1;-;1;-;2;-;-;-;-;-;-;-;-;-;1;-;-;-;-;-;-;-;-;-;-;-;-;-;-;-;-;-;-;3;-;-;-;-;-;-;-;-;-;-;-;-;-;-;-;-;-;-;-;-;-;-;-;-;-;-;-;-;-;-;193
"150440 Marapanim";-;-;-;-;-;-;1;3;2;-;1;-;-;-;-;-;-;-;-;1;-;1;-;3;2;-;-;-;-;-;-;2;3;1;4;3;-;4;14;6;3;1;3;12;9;6;7;4;1;2;1;-;3;-;-;4;3;-;1;-;-;-;-;-;-;-;-;1;1;-;-;-;-;-;-;-;-;-;3;1;-;-;-;-;1;-;-;-;-;-;-;-;-;-;-;-;-;3;-;-;-;-;-;-;-;-;-;-;-;-;-;-;-;-;-;-;-;-;-;-;-;-;-;-;-;-;-;-;1;-;-;-;-;-;1;-;-;-;-;-;-;-;-;-;-;-;-;-;-;-;-;-;-;-;-;-;-;-;-;-;-;-;-;123
"150442 Marituba";-;-;-;2;3;7;5;3;4;5;-;-;-;-;2;1;4;5;11;6;5;2;2;3;1;3;1;4;-;3;1;8;12;12;5;11;15;19;13;14;20;16;15;13;3;3;2;3;6;3;4;6;2;6;3;6;8;6;3;2;4;3;-;1;2;-;3;3;1;-;-;1;1;-;1;-;2;2;1;6;-;-;-;1;-;1;2;-;1;1;3;2;2;-;-;-;1;2;-;3;-;1;1;-;3;1;1;-;1;-;-;1;-;-;-;-;1;-;-;-;4;4;-;2;5;3;9;4;1;2;-;1;1;4;-;-;-;-;-;2;1;1;-;-;-;-;-;-;-;3;1;-;-;-;-;-;-;-;-;-;1;-;-;431
"150445 Medicilândia";-;-;-;-;-;-;-;-;-;-;-;-;-;-;-;-;-;-;-;-;-;-;-;-;-;-;-;-;-;3;-;-;-;1;1;2;-;1;1;-;1;1;1;-;1;-;2;-;1;1;-;2;-;-;2;1;-;-;-;1;-;-;1;2;3;7;15;3;3;4;-;-;-;1;-;-;1;1;2;7;12;12;5;1;2;-;2;1;1;4;11;9;3;3;2;1;-;-;2;-;1;1;1;4;1;2;2;1;-;-;-;-;-;-;-;-;-;-;1;-;-;-;-;-;-;-;-;-;-;-;-;-;-;-;-;-;-;8;-;-;-;-;1;-;-;-;-;-;-;-;-;-;-;-;-;-;-;-;-;-;-;3;2;172
"150450 Melgaço";-;-;-;-;-;-;-;-;1;-;-;-;-;-;-;-;-;-;1;-;1;-;-;-;-;-;-;-;-;-;-;-;-;-;1;-;1;-;-;-;-;-;1;1;1;-;-;-;-;1;-;-;1;-;-;-;-;-;-;-;-;-;-;-;-;-;-;-;1;-;-;-;-;-;-;-;-;-;-;1;-;-;-;-;-;-;-;-;-;-;-;-;-;-;-;-;-;-;-;-;-;-;-;-;1;-;-;-;-;-;-;-;-;-;-;-;-;-;-;-;-;-;-;-;-;-;-;-;-;-;-;-;-;-;-;-;-;-;-;-;-;-;-;-;-;-;-;-;-;-;-;-;-;-;-;-;-;-;-;-;-;-;-;13
"150460 Mocajuba";-;-;-;-;2;1;-;2;3;-;-;-;-;-;-;-;-;5;2;-;-;-;-;-;-;-;-;-;-;-;1;-;-;1;-;1;-;-;1;-;-;-;-;-;-;-;-;-;-;-;-;-;-;-;-;-;1;-;-;-;-;-;1;-;-;-;-;-;-;-;-;-;-;-;-;1;-;-;-;-;-;-;-;-;-;-;-;-;-;-;-;-;-;-;-;-;-;-;-;-;-;-;-;-;-;-;-;-;-;-;-;-;-;-;-;-;-;-;-;-;-;-;-;-;-;-;-;-;-;1;-;-;-;-;-;-;-;-;-;-;-;-;-;-;-;-;-;-;-;-;-;-;-;-;-;-;-;-;-;-;-;-;-;23
"150470 Moju";-;-;-;-;-;21;17;17;24;7;2;3;-;2;5;4;1;3;1;2;3;7;3;2;4;2;-;2;4;4;9;5;-;3;3;1;3;1;1;2;12;2;3;4;1;1;-;-;3;-;1;-;4;1;-;-;-;-;-;1;-;1;1;4;-;2;-;-;-;-;-;-;-;1;1;-;1;-;-;-;-;-;1;-;-;-;-;-;-;-;2;-;3;-;-;-;1;1;1;2;1;1;-;-;-;-;-;-;-;-;-;-;-;-;-;1;-;-;-;-;1;1;-;-;-;-;-;1;-;-;-;-;-;-;2;3;1;4;3;2;-;-;-;-;-;-;-;-;-;-;-;-;-;-;-;-;-;-;-;-;-;-;-;244
"150480 Monte Alegre";-;-;-;-;-;-;3;1;11;11;4;-;-;-;-;-;-;1;1;2;4;4;12;7;-;-;-;-;-;-;-;-;1;-;3;-;2;5;-;2;30;83;82;69;17;5;3;1;-;-;-;-;-;-;-;1;-;1;8;17;19;5;6;2;1;6;4;4;4;4;3;-;1;3;-;-;-;1;-;2;3;-;-;-;2;-;-;-;-;-;-;2;-;2;1;4;6;6;9;4;6;14;12;13;7;1;-;-;-;-;-;-;-;-;1;1;-;-;-;-;-;-;-;-;-;-;-;-;-;-;-;-;1;-;-;-;-;-;-;-;-;-;-;-;-;-;-;-;-;-;-;1;-;-;-;-;-;-;-;-;-;-;-;552
"150490 Muaná";-;-;-;-;-;1;1;1;1;-;-;1;-;-;-;-;-;-;-;-;-;-;-;-;-;-;-;-;-;-;-;-;-;-;-;-;-;-;-;1;-;-;1;3;-;-;-;-;-;-;-;-;-;1;2;1;1;-;1;-;-;1;-;-;-;-;1;-;-;-;-;-;-;-;-;-;-;-;-;2;-;-;-;-;-;-;-;-;-;-;-;-;1;-;-;-;-;-;-;-;-;-;1;1;2;-;-;-;1;-;-;-;-;-;-;-;-;-;-;-;-;-;-;-;-;-;-;-;-;-;-;-;-;-;-;-;-;-;-;-;-;-;-;-;-;-;-;-;-;-;-;-;-;-;-;-;-;-;-;-;-;-;-;26
"150495 Nova Esperança do Piriá";-;-;-;-;-;-;-;-;-;2;-;-;-;-;-;-;-;-;-;-;1;-;-;-;-;-;-;-;-;-;-;-;-;-;-;-;-;1;-;-;-;-;-;-;-;-;-;-;-;-;-;-;-;-;5;-;-;-;-;-;-;1;1;-;-;-;2;1;3;-;-;-;-;1;-;-;-;-;-;-;-;-;-;-;-;-;-;-;-;-;-;-;-;-;-;-;-;-;-;-;-;-;-;-;-;-;-;-;3;1;-;-;-;21;-;12;4;4;6;-;-;2;-;-;-;-;-;-;1;1;-;-;1;-;1;-;-;-;-;-;-;-;-;-;-;-;-;-;-;-;-;-;-;-;-;-;-;-;-;-;-;-;-;75
"150497 Nova Ipixuna";-;-;-;-;2;2;1;-;1;-;-;-;-;-;-;-;-;-;-;-;-;-;-;-;-;-;-;-;-;-;-;-;-;-;-;-;-;-;-;-;-;-;1;-;-;-;-;-;-;-;-;-;1;-;-;-;-;-;-;-;-;-;-;-;-;-;-;-;-;-;-;-;-;-;-;-;-;-;-;-;-;-;-;-;-;-;-;-;-;-;-;-;-;-;-;-;-;-;-;-;-;-;-;-;-;-;-;-;-;-;-;-;-;-;-;-;-;-;-;-;-;-;-;-;-;-;-;-;-;-;-;-;-;-;-;-;-;-;-;-;-;-;-;-;-;-;1;1;1;-;-;-;-;-;-;-;-;-;-;-;-;-;-;11
"150500 Nova Timboteua";-;-;-;-;-;-;-;2;-;1;1;-;-;-;-;-;1;-;-;-;1;-;-;-;2;1;-;-;-;-;-;-;-;1;1;-;-;-;-;-;-;-;-;-;-;-;-;-;-;-;-;-;-;-;-;-;-;-;-;-;-;-;-;-;-;-;-;-;-;-;-;-;-;-;-;-;-;-;-;-;-;-;-;-;-;-;-;-;-;-;-;-;-;-;-;-;-;-;-;-;-;-;-;-;-;-;-;1;-;-;-;-;-;-;-;-;-;-;-;-;-;-;-;-;-;-;-;-;-;-;-;-;1;-;-;-;1;-;-;-;-;-;-;-;-;-;-;-;-;-;-;-;-;-;-;-;-;-;-;-;-;-;-;14
"150503 Novo Progresso";-;-;-;4;31;48;20;43;24;7;7;8;1;1;1;3;-;1;2;1;3;1;-;-;-;-;-;-;4;6;20;41;2;4;10;3;1;1;-;19;43;57;13;9;2;6;1;-;1;-;-;6;-;2;3;1;4;2;-;-;-;-;1;1;-;1;22;8;4;1;-;1;-;-;-;-;1;1;-;-;-;1;2;-;-;-;1;-;-;-;-;-;-;-;-;-;-;1;-;-;3;2;4;8;11;1;1;-;-;-;-;2;1;2;-;1;-;-;1;-;-;-;-;-;-;-;-;-;-;-;-;-;-;-;-;-;1;-;-;-;-;-;-;-;-;-;-;-;-;1;2;-;-;-;-;-;-;-;-;-;-;-;-;554
"150506 Novo Repartimento";-;-;-;-;5;1;-;6;7;8;9;2;-;-;-;-;-;-;1;4;7;1;4;-;1;-;-;1;2;-;2;1;9;1;1;1;3;-;1;1;1;19;5;11;5;7;4;7;3;-;3;-;2;2;-;1;-;-;-;1;-;1;-;-;-;2;3;-;2;-;-;1;-;-;-;-;1;1;-;1;-;3;2;-;-;-;-;-;-;-;3;1;1;-;1;1;-;-;-;-;-;1;-;-;4;3;1;-;-;1;-;-;-;-;9;4;3;6;1;-;1;-;-;-;-;-;1;2;5;3;2;1;5;-;-;-;-;1;2;4;4;-;-;-;1;-;-;1;-;1;2;-;-;-;-;-;-;-;-;-;-;-;-;243
"150510 Óbidos";-;-;-;-;-;-;2;1;2;-;-;-;-;-;-;-;1;-;-;-;-;-;-;-;-;-;-;-;-;-;-;-;-;-;-;-;-;-;-;-;-;-;-;-;-;-;-;-;-;-;-;-;-;-;-;-;-;-;-;-;-;-;1;-;-;1;3;6;4;2;-;-;-;-;-;-;-;-;-;-;-;-;-;-;-;-;-;-;-;-;1;-;-;-;-;-;-;-;-;-;-;-;-;3;5;1;4;2;-;-;1;2;-;-;3;1;1;-;-;-;-;-;-;-;-;-;-;-;-;-;-;-;-;1;-;-;-;-;-;-;-;-;-;-;-;-;-;1;-;-;-;1;-;-;-;-;-;-;-;-;-;-;-;50
"150520 Oeiras do Pará";-;-;-;-;-;-;-;1;-;1;1;1;1;-;-;-;-;1;-;-;1;-;-;-;-;-;-;-;1;-;1;-;-;1;1;2;2;-;-;1;3;3;2;3;-;1;-;1;-;-;-;1;-;1;-;-;-;-;-;1;-;-;-;-;-;-;-;-;-;-;-;-;1;-;1;-;-;-;-;-;1;-;-;-;-;-;-;-;-;-;-;-;-;-;-;-;-;-;-;-;-;-;-;-;-;-;-;-;-;-;-;-;-;-;-;-;-;1;2;-;-;-;1;-;-;-;-;-;-;-;-;-;-;-;-;-;-;-;-;-;-;-;-;-;-;-;-;-;-;-;-;-;-;-;-;-;-;-;-;-;-;-;-;39
"150530 Oriximiná";-;-;-;-;1;10;20;5;11;-;-;2;-;-;-;-;-;-;1;-;-;-;-;2;-;-;1;1;-;2;2;2;4;1;-;2;2;1;-;-;-;2;14;7;5;2;3;-;-;-;-;1;-;-;4;5;2;4;4;7;9;2;15;14;6;6;7;5;8;6;3;-;-;2;1;2;1;13;11;11;8;1;4;6;1;-;1;1;2;-;-;2;1;2;-;-;2;3;1;1;4;17;26;24;10;5;-;2;1;1;-;2;1;-;-;1;2;6;2;3;1;1;1;-;1;-;1;-;-;-;1;-;1;-;-;-;2;-;1;-;1;-;-;-;-;-;-;-;-;-;-;-;-;-;-;-;-;-;-;-;-;-;-;406
"150540 Ourém";-;-;-;16;12;8;-;6;5;3;3;2;2;2;2;2;5;1;3;1;3;-;-;3;-;-;-;-;-;-;-;-;-;1;-;-;-;-;-;-;-;-;-;-;-;-;-;-;-;-;-;-;-;-;-;-;1;-;1;-;-;-;-;1;-;-;-;2;1;1;1;-;-;-;1;-;1;-;1;-;-;1;1;1;-;-;-;-;-;-;1;2;-;1;-;-;-;-;1;-;1;1;-;-;1;1;1;2;2;1;-;-;2;1;1;-;-;-;-;-;-;3;-;-;-;-;1;1;4;5;-;-;-;-;-;-;-;1;1;-;-;-;-;-;1;1;-;-;-;-;1;-;-;-;-;-;-;1;-;-;-;-;-;133
"150543 Ourilândia do Norte";-;-;1;2;-;18;5;8;9;1;1;-;-;-;-;3;2;-;1;-;-;-;-;-;-;2;-;1;3;1;2;-;1;8;-;-;1;1;2;11;21;-;2;2;2;4;1;-;-;1;3;4;9;1;3;2;5;22;4;4;3;10;5;-;3;6;11;12;9;24;9;1;-;4;3;4;3;5;2;-;-;-;-;-;-;1;-;-;1;4;9;25;25;11;3;1;1;-;-;1;2;2;1;-;1;-;1;5;13;2;5;9;7;18;1;7;1;2;-;-;-;-;-;-;-;-;1;-;-;-;1;-;1;1;-;-;-;-;-;2;6;5;2;13;8;11;2;2;4;7;2;-;-;-;-;-;2;-;-;-;-;-;1;518
"150548 Pacajá";-;-;-;-;2;-;-;-;-;3;1;2;-;-;-;-;2;6;4;10;7;13;-;-;-;-;-;2;-;2;3;26;12;14;-;1;-;-;-;6;4;13;9;8;27;33;5;3;-;-;1;2;3;4;12;22;10;2;1;1;-;-;-;-;1;8;2;13;8;5;4;5;-;6;3;1;5;2;2;6;5;-;-;1;-;1;-;-;-;-;3;-;-;1;2;-;-;4;4;11;2;2;13;16;9;4;-;-;-;2;-;-;-;12;2;3;-;-;1;-;2;-;-;-;-;-;-;2;-;1;1;-;-;-;-;-;-;-;-;2;-;1;1;-;-;-;-;1;-;-;3;1;-;1;-;-;-;-;-;-;-;-;-;461
"150549 Palestina do Pará";-;-;-;-;-;11;23;19;3;15;10;3;-;7;-;6;-;6;6;11;10;10;4;13;1;1;2;9;5;9;2;1;-;8;6;2;3;1;4;-;15;26;10;13;15;5;-;-;-;-;-;1;1;4;-;10;1;1;2;-;1;-;-;-;-;3;1;-;1;-;6;-;2;-;2;-;-;3;5;2;-;-;-;-;-;-;-;2;-;1;-;3;1;-;-;-;-;-;-;-;-;-;-;-;-;-;-;2;-;-;-;1;1;2;4;2;6;1;-;-;1;-;-;2;11;-;3;4;5;3;1;1;-;2;-;-;1;4;2;-;2;1;-;-;2;-;2;-;-;-;-;-;-;-;1;-;-;-;-;-;-;-;-;415
"150550 Paragominas";-;-;2;3;16;22;12;28;11;3;3;2;3;2;5;7;5;14;6;4;1;-;-;1;-;-;-;-;-;-;-;-;-;-;2;3;2;3;-;1;3;11;2;4;3;1;-;2;-;-;-;1;-;1;2;2;1;1;-;-;-;-;-;-;1;-;-;-;1;1;-;-;-;1;1;-;-;-;1;-;-;-;-;-;-;-;-;-;-;-;2;-;-;-;-;-;-;1;1;-;-;2;-;2;1;-;1;-;-;-;-;-;-;-;-;1;1;1;2;1;-;-;-;-;-;-;-;-;-;2;-;-;-;1;-;-;-;-;-;-;-;-;-;-;-;-;-;-;-;-;-;-;-;-;-;-;-;-;-;-;-;-;-;220
"150553 Parauapebas";-;-;-;2;25;108;87;54;31;15;11;7;18;5;3;6;11;19;18;12;15;10;8;3;1;1;1;1;-;3;5;1;8;9;5;1;-;2;2;5;6;16;11;8;9;2;-;2;1;1;1;4;6;5;8;7;2;-;-;1;-;-;-;-;-;-;1;1;-;2;-;1;-;-;-;3;1;1;1;1;1;1;1;1;-;-;-;-;-;-;1;-;1;2;5;1;2;-;-;-;3;-;3;2;1;1;4;-;-;-;-;-;-;2;7;4;4;2;-;-;1;1;1;1;-;-;-;1;2;2;1;1;1;1;-;1;-;5;4;4;4;1;3;2;-;-;-;-;1;1;1;-;1;-;-;-;-;-;-;-;-;-;-;705
"150555 Pau D'Arco";-;-;-;1;3;9;3;3;3;2;-;-;-;-;-;-;-;-;7;3;-;5;1;-;-;-;-;1;1;1;2;3;1;-;4;3;1;-;-;2;-;2;10;6;5;10;3;-;-;1;1;-;-;2;4;-;3;1;3;-;-;-;-;1;-;6;3;3;1;2;-;-;-;-;-;1;-;-;-;4;1;3;-;-;-;-;-;-;-;-;-;-;-;-;-;-;-;-;-;-;2;6;-;4;-;-;-;-;-;-;-;-;-;3;-;1;4;1;1;-;-;-;-;-;-;-;1;1;2;-;-;-;-;-;-;-;-;-;-;-;-;-;-;-;-;-;-;-;-;-;-;-;-;-;-;-;1;-;-;-;-;-;-;162
"150560 Peixe-Boi";-;-;-;-;-;-;-;1;1;-;-;-;1;-;-;-;-;1;-;-;-;-;-;-;1;-;-;-;-;-;-;-;-;1;-;-;-;2;1;1;-;-;-;-;-;-;-;-;-;-;-;-;-;-;-;-;-;-;-;-;-;-;-;-;-;-;-;-;-;-;-;-;-;-;1;-;-;-;-;-;-;-;-;-;-;-;-;-;-;-;-;-;-;-;-;-;-;-;-;-;-;-;-;-;-;-;-;-;-;-;-;-;-;-;-;-;-;-;-;-;-;-;-;-;-;-;-;-;-;-;-;-;-;-;-;-;-;-;1;-;-;-;-;-;-;-;-;-;-;-;-;-;-;-;-;-;-;-;-;-;-;-;-;12
"150563 Piçarra";-;-;-;-;9;21;37;13;17;1;-;-;-;-;-;-;-;-;3;16;1;-;-;-;-;-;-;-;2;2;2;6;4;1;1;2;1;3;2;11;19;13;6;6;7;6;-;1;3;-;-;3;3;13;10;3;4;1;3;-;1;-;-;-;2;3;2;5;7;4;3;1;-;-;-;-;-;-;-;1;-;-;-;-;-;-;-;-;-;-;-;-;-;-;-;-;-;-;-;-;-;1;-;-;1;-;-;-;-;-;-;-;-;-;-;-;-;-;-;-;-;-;-;-;-;-;-;-;-;1;-;-;-;-;-;-;1;-;-;1;1;1;-;-;-;-;-;-;-;-;-;-;-;-;-;-;-;-;-;-;-;-;-;292
"150565 Placas";-;-;-;-;1;2;1;-;-;-;-;-;-;-;-;-;-;-;1;12;14;10;2;-;1;-;-;-;1;1;6;25;15;26;17;4;8;2;-;1;-;1;2;8;7;4;8;16;8;6;5;6;9;7;17;18;21;11;14;4;-;4;1;1;1;56;82;51;27;14;4;4;2;-;1;-;1;8;10;7;9;6;4;2;1;1;-;1;-;1;7;9;6;16;15;2;-;-;-;-;1;3;9;1;9;3;4;-;-;4;1;-;1;2;2;4;2;-;-;-;3;-;-;-;1;-;-;-;-;1;-;1;3;-;2;1;-;-;7;9;7;2;2;1;-;-;-;1;-;1;1;-;-;-;-;-;-;-;-;-;-;-;-;765
"150570 Ponta de Pedras";-;-;-;-;-;-;-;-;-;-;-;-;-;-;-;-;-;1;16;16;2;-;-;-;-;-;-;-;-;-;-;-;1;-;-;-;-;-;-;-;-;-;-;-;-;-;-;-;-;-;-;3;2;2;4;4;3;-;-;-;-;-;-;-;-;2;-;-;2;2;2;-;4;2;4;2;1;4;3;2;3;3;2;2;3;2;2;4;3;3;12;13;1;3;3;7;1;-;1;1;-;1;4;2;-;-;-;-;-;2;1;-;1;-;-;-;-;-;-;-;-;-;-;-;-;-;-;-;-;-;-;-;-;3;-;-;-;-;-;-;-;-;-;-;-;-;-;1;-;-;-;-;-;-;-;-;-;-;-;-;-;-;-;168
"150580 Portel";-;-;-;2;-;1;-;2;-;-;-;-;3;-;-;-;-;1;-;-;-;-;-;2;-;1;-;-;-;-;-;-;2;-;1;2;9;12;10;8;5;2;2;3;2;-;-;-;-;-;-;1;-;-;-;1;-;-;-;-;3;-;1;-;1;-;-;-;4;1;1;1;-;1;-;-;1;-;1;-;1;-;2;2;3;1;2;-;-;-;-;1;-;-;-;-;2;3;2;1;4;1;1;2;-;1;1;1;-;1;-;2;-;-;-;-;-;1;-;-;-;-;1;-;-;-;-;-;-;-;-;-;-;-;-;-;-;-;-;-;-;-;-;-;-;-;-;-;-;-;-;-;-;-;-;-;-;-;-;-;-;-;-;123
"150590 Porto de Moz";-;-;-;-;-;-;-;-;-;-;-;-;-;-;-;-;-;-;-;1;1;-;-;-;-;-;-;-;-;-;2;-;-;-;-;1;-;-;-;-;-;1;2;-;-;-;-;-;-;-;-;-;-;-;-;-;-;-;-;-;-;-;-;-;-;-;-;-;-;-;-;-;-;-;-;-;-;-;-;-;-;-;-;-;-;-;-;-;-;-;-;-;-;-;-;1;-;-;-;1;-;-;-;-;3;-;1;-;-;-;-;-;-;-;1;-;-;-;-;-;-;-;-;-;-;-;-;-;-;-;-;-;-;-;-;-;-;-;-;-;-;-;-;-;-;-;-;-;-;-;-;-;-;-;-;-;-;-;-;-;-;-;-;15
"150600 Prainha";-;-;-;-;-;-;-;-;-;-;-;-;-;-;-;-;-;-;-;-;-;-;-;-;-;-;-;-;-;-;-;-;-;-;-;-;-;-;-;-;5;1;14;9;2;2;4;3;-;1;-;-;-;-;-;-;-;-;-;1;-;-;-;1;-;1;1;-;-;-;-;-;-;-;-;-;-;-;-;-;-;-;-;1;-;-;-;-;1;-;-;-;-;-;2;-;-;-;-;-;3;4;3;1;3;1;1;-;-;-;-;-;-;-;2;-;-;-;-;-;-;-;-;-;-;-;-;-;-;-;-;1;1;-;-;-;-;-;-;1;-;-;-;-;1;-;-;-;-;-;-;-;-;-;-;-;-;-;-;-;-;-;-;71
"150610 Primavera";-;-;-;-;-;-;-;2;2;1;-;-;-;-;-;1;1;1;-;-;1;-;-;-;-;3;7;-;-;-;-;-;-;-;-;-;-;1;-;3;-;1;-;2;-;-;-;-;-;-;1;1;-;1;1;-;2;1;1;-;-;-;-;-;-;-;-;-;-;-;-;-;-;-;-;-;-;-;-;-;-;-;-;-;-;-;-;-;-;-;-;-;-;-;-;-;-;-;-;-;-;-;1;-;-;-;-;-;-;-;-;-;-;-;-;-;-;-;-;-;-;-;-;-;-;-;-;-;-;-;-;-;-;-;-;-;-;-;-;-;-;-;-;-;-;-;-;-;-;-;-;-;-;-;-;-;-;-;-;-;-;-;-;35
"150611 Quatipuru";-;-;-;-;-;-;2;1;-;-;1;-;-;-;-;-;1;-;-;-;-;-;-;-;-;-;-;1;-;-;-;-;-;-;-;1;1;2;-;1;-;-;2;-;-;-;-;-;1;-;-;1;-;-;-;-;-;1;-;-;-;-;-;-;-;-;-;-;-;-;-;-;-;-;-;-;-;-;-;-;-;1;-;-;-;-;-;-;-;-;-;-;-;-;-;-;-;-;-;-;1;1;-;-;-;-;-;-;-;-;-;-;-;-;-;-;-;-;-;-;-;-;-;-;-;-;-;-;-;-;-;-;-;-;-;-;-;-;-;-;-;-;-;1;-;-;-;-;-;-;-;-;-;-;-;-;-;-;-;-;-;-;-;20
"150613 Redenção";-;-;-;-;11;69;27;28;29;18;1;1;1;-;2;3;3;11;10;7;12;3;-;-;-;1;2;2;2;3;8;11;5;12;7;6;7;9;4;8;12;11;15;17;7;10;5;1;1;2;2;3;5;9;8;7;5;6;10;3;-;-;1;2;5;3;4;1;2;3;-;-;1;-;-;2;2;3;-;4;1;5;-;-;-;-;-;-;1;-;-;-;-;1;1;-;-;1;-;-;-;1;-;1;-;1;-;-;1;-;-;-;2;7;11;10;1;1;1;1;-;-;-;1;2;4;4;4;5;1;-;-;2;-;1;-;1;3;1;2;1;3;-;-;-;-;-;-;2;-;-;2;1;1;1;-;-;-;2;1;-;-;1;589
"150616 Rio Maria";-;-;-;2;7;37;20;41;23;4;4;2;-;-;7;6;6;13;27;23;10;5;-;-;-;1;3;2;18;16;19;45;21;13;7;1;-;3;8;15;34;38;32;16;17;4;7;3;1;-;1;5;18;7;6;10;6;3;3;-;1;-;1;7;7;26;23;21;15;2;-;-;-;-;-;-;-;2;1;1;-;-;1;-;-;-;-;4;1;-;1;-;1;1;1;-;-;-;1;1;2;1;-;6;6;2;-;-;-;-;-;1;-;1;3;-;-;-;-;1;-;-;1;-;-;-;2;-;1;-;-;-;-;-;-;-;-;1;2;-;-;2;-;-;-;-;-;-;-;2;2;1;-;-;-;-;-;-;-;-;-;-;-;776
"150618 Rondon do Pará";-;-;-;3;39;56;54;34;25;6;3;-;2;2;-;2;7;5;7;6;8;6;3;2;2;6;-;4;1;3;1;1;2;11;11;4;6;2;-;3;2;7;13;17;10;19;14;2;2;1;1;2;3;9;13;7;12;8;4;-;1;-;-;2;-;8;4;-;4;5;-;3;1;1;1;1;-;-;-;4;1;5;1;-;-;1;-;-;-;1;3;11;19;5;4;-;-;-;-;-;-;-;3;36;44;42;8;4;2;-;1;-;-;-;2;14;1;1;1;1;-;-;-;-;-;1;-;-;2;-;-;1;-;1;2;3;2;4;7;1;1;-;-;-;-;-;-;-;1;-;1;-;-;-;-;-;-;-;-;-;-;-;-;746
"150619 Rurópolis";-;-;-;-;21;5;16;10;4;4;1;-;-;-;1;-;-;-;-;4;25;3;3;-;1;-;-;-;-;-;1;2;-;-;-;-;-;1;-;-;2;-;4;3;7;1;-;-;-;-;-;-;-;-;-;-;-;-;1;2;1;-;-;3;7;17;8;-;-;-;-;1;-;-;-;-;-;-;-;-;-;-;2;1;-;-;-;-;-;-;15;9;2;1;-;-;1;1;-;-;-;8;11;1;4;7;-;-;1;-;-;-;1;-;-;5;-;-;-;-;-;-;-;-;-;-;-;1;-;1;1;-;-;-;-;-;-;-;-;-;2;1;-;-;-;-;1;-;-;1;-;-;1;2;-;-;-;-;-;-;-;-;2;242
"150620 Salinópolis";-;-;-;-;1;2;1;2;5;-;4;2;-;1;1;1;1;-;7;1;7;3;3;-;-;-;-;5;-;1;-;1;3;9;10;12;14;12;16;9;8;8;17;16;8;2;-;4;1;3;-;1;2;3;7;12;14;13;6;2;4;10;1;2;-;3;3;1;2;3;-;4;-;-;-;-;-;2;3;-;5;6;4;-;5;7;1;4;-;2;3;1;1;-;-;-;-;2;-;-;-;-;1;1;2;-;-;-;1;-;-;1;-;1;-;1;1;1;-;-;-;-;-;1;-;-;1;1;1;-;-;-;-;-;-;1;2;2;-;-;-;-;-;-;3;-;1;1;-;1;-;-;1;-;-;-;-;-;-;-;-;-;-;366
"150630 Salvaterra";-;-;-;-;-;-;-;1;-;-;3;-;-;-;-;-;-;-;-;-;-;-;-;-;-;-;-;-;-;-;-;-;-;-;-;-;-;-;-;-;-;-;-;1;3;1;1;-;-;-;-;-;-;2;1;8;1;-;-;-;-;1;1;-;-;-;-;-;-;-;-;-;-;-;-;-;-;-;-;-;-;-;-;-;-;1;-;-;-;-;-;-;-;-;-;-;-;-;-;-;-;-;-;-;-;-;-;-;-;-;-;-;-;-;-;-;-;-;-;-;-;-;-;-;-;-;-;-;-;-;-;-;-;-;-;-;-;-;-;-;-;-;-;-;-;-;-;-;-;-;-;-;-;-;-;-;-;-;-;-;-;-;-;25
"150635 Santa Bárbara do Pará";-;-;-;-;-;-;-;1;-;-;-;-;-;-;-;-;-;1;1;1;-;-;-;-;-;-;-;-;-;-;-;-;-;-;-;-;-;-;-;-;-;2;1;1;1;1;-;-;-;-;-;-;-;1;-;2;-;1;-;-;-;-;-;-;-;-;-;-;-;1;-;-;-;-;-;-;-;-;-;-;-;-;-;-;-;-;-;-;-;-;-;-;-;-;-;-;-;-;-;-;-;-;-;-;-;-;-;-;-;-;-;-;-;-;-;-;-;-;-;-;-;-;-;-;-;-;-;-;-;-;-;-;-;-;-;-;-;-;-;-;-;-;-;-;-;-;-;-;-;-;-;-;-;-;-;-;-;-;-;-;-;-;-;15
"150640 Santa Cruz do Arari";-;-;-;-;-;-;-;-;-;1;-;-;-;-;-;-;-;-;-;-;-;-;-;-;-;-;-;-;-;-;-;-;-;-;-;-;-;-;-;-;-;-;-;-;-;-;-;-;-;-;-;-;-;-;-;-;-;-;-;-;-;-;-;-;-;-;-;-;-;-;-;-;-;-;-;-;-;-;-;-;-;-;-;-;-;-;-;-;-;-;-;-;-;-;-;-;-;-;-;-;-;-;-;-;-;-;-;-;-;-;-;-;-;-;-;-;-;-;-;-;-;-;-;-;-;-;-;-;-;-;-;-;-;-;-;-;-;-;-;-;-;-;-;-;-;-;-;-;-;-;-;-;-;-;-;-;-;-;-;-;-;-;-;1
"150650 Santa Izabel do Pará";-;-;-;13;49;66;67;67;72;56;36;23;13;21;31;34;25;26;43;54;34;18;21;19;7;-;2;2;-;-;-;-;-;-;-;1;4;-;1;6;5;2;2;-;-;-;-;-;-;1;-;-;5;3;3;12;12;9;3;2;9;-;4;4;3;1;4;12;10;4;-;-;-;-;1;-;-;1;-;1;1;-;3;1;-;-;-;3;-;1;5;12;2;2;2;3;-;-;1;-;-;1;-;-;-;1;-;-;-;-;-;-;-;-;-;-;-;-;-;-;-;-;-;-;-;-;2;-;-;-;-;-;-;-;1;-;1;1;-;-;-;-;-;-;-;-;-;-;-;-;1;-;-;-;-;-;-;-;-;-;-;-;-;968
"150655 Santa Luzia do Pará";-;-;-;-;-;-;1;1;1;1;-;-;-;1;-;-;-;1;-;-;-;-;-;-;-;-;-;-;-;1;-;-;-;-;-;-;-;-;2;-;-;-;-;1;-;-;-;-;-;-;-;-;-;-;-;-;1;-;-;-;-;-;-;-;-;1;-;-;-;-;-;-;-;-;-;-;-;-;1;-;-;-;-;-;-;-;-;-;-;-;-;-;-;-;-;-;-;-;-;1;-;-;-;-;1;-;-;-;-;1;-;-;-;-;-;-;-;-;-;-;-;-;-;-;-;-;-;-;-;-;-;-;-;-;-;-;1;-;-;-;-;-;-;-;-;-;-;-;-;-;-;-;1;-;-;-;-;-;-;-;-;-;-;18
"150658 Santa Maria das Barreiras";-;-;-;-;3;10;7;5;2;1;-;-;-;-;-;-;-;6;1;2;-;-;-;-;-;-;-;-;-;-;-;-;-;-;-;-;-;-;-;-;-;1;-;1;-;-;-;-;-;-;-;1;-;1;-;-;1;2;1;-;-;2;4;-;1;3;2;5;3;3;1;-;-;-;-;-;-;1;3;-;1;1;-;-;-;-;-;-;-;-;1;-;1;-;-;-;-;-;-;-;-;-;1;1;-;-;-;-;-;-;-;-;-;3;2;-;-;-;-;-;-;-;-;-;-;-;-;2;2;1;-;-;1;-;-;-;1;-;-;2;1;7;3;-;-;-;-;-;-;2;1;1;1;-;-;-;-;-;-;-;-;-;-;109
"150660 Santa Maria do Pará";-;-;-;1;-;4;-;-;10;9;15;-;-;-;-;2;1;-;16;27;10;3;2;1;1;1;-;-;3;-;-;-;11;3;-;2;-;4;15;18;47;61;33;34;30;23;14;7;2;2;3;5;8;11;6;13;46;20;10;7;4;7;8;9;5;4;8;43;42;35;4;3;-;-;-;-;-;-;2;3;9;11;4;1;-;7;2;1;1;-;1;2;5;3;-;-;-;-;-;-;2;3;9;4;-;-;-;-;-;2;-;-;-;1;3;17;2;-;-;1;-;-;-;-;-;-;-;2;-;4;1;-;1;-;-;1;-;-;-;-;-;-;-;-;-;-;-;-;1;-;-;-;-;-;-;-;-;-;-;-;-;-;-;819
"150670 Santana do Araguaia";-;-;-;-;5;27;67;53;42;7;6;2;1;-;1;13;25;2;4;10;6;8;3;1;-;1;2;2;2;5;4;3;12;-;1;-;1;2;-;-;-;-;-;6;3;1;-;-;-;-;-;-;1;-;5;2;1;-;-;-;1;1;1;5;46;22;13;3;5;1;-;-;-;-;-;-;-;-;1;1;2;1;-;1;-;-;-;-;1;-;5;3;3;1;2;-;2;-;-;1;-;9;20;19;6;3;2;-;1;-;1;-;1;1;-;1;3;1;1;-;-;-;-;-;2;-;-;1;1;1;-;-;-;-;-;-;1;1;-;4;10;4;2;-;-;-;-;-;-;1;2;4;5;-;-;-;-;-;-;-;-;1;-;568
"150680 Santarém";-;-;-;1;-;4;28;33;28;4;2;-;-;-;1;-;3;4;6;1;-;2;-;-;1;-;-;-;1;1;1;3;2;2;2;4;5;3;5;1;1;19;25;16;11;1;1;-;-;-;-;-;2;2;3;5;2;4;-;1;-;1;-;1;-;4;6;12;5;4;1;-;-;-;-;2;-;-;1;1;1;4;-;1;-;-;-;-;1;-;1;2;5;2;-;1;1;-;1;-;-;4;1;1;2;1;-;1;-;1;-;-;-;-;-;1;-;-;-;-;1;-;-;1;-;-;-;-;-;-;-;-;-;-;-;1;-;-;1;1;-;-;-;-;-;-;-;-;-;1;-;-;-;-;-;-;-;-;-;-;-;-;-;317
"150690 Santarém Novo";-;-;-;-;-;-;2;-;-;1;-;-;-;-;-;-;-;-;-;-;-;-;-;-;-;-;-;-;-;1;-;1;-;2;1;-;-;-;-;-;-;-;-;1;-;-;-;-;-;-;-;-;-;-;-;-;-;-;-;-;-;-;-;-;-;-;-;-;-;-;-;-;-;-;-;-;-;-;-;-;1;-;-;-;-;-;-;-;-;-;-;-;-;-;-;-;-;-;-;-;-;1;-;-;-;-;-;-;-;-;-;-;-;-;-;-;-;-;-;-;-;-;-;-;-;-;-;-;-;-;-;-;-;-;-;-;-;-;-;-;-;-;-;-;-;-;-;-;-;1;1;-;-;-;-;-;-;-;-;-;-;-;-;13
"150700 Santo Antônio do Tauá";-;-;-;-;4;19;4;11;20;5;4;-;1;3;2;3;3;18;13;12;11;3;5;1;2;1;-;-;-;-;-;-;-;-;-;-;-;-;-;-;-;-;1;-;-;-;-;-;-;-;-;-;-;-;-;-;-;1;-;-;-;-;-;-;1;-;-;-;-;-;-;-;-;-;-;-;-;-;-;-;-;-;-;-;-;-;-;-;-;-;-;-;-;-;-;-;-;-;-;-;-;-;-;-;-;-;-;-;-;-;-;-;-;-;-;-;-;-;-;-;-;-;-;-;-;-;-;-;-;-;-;-;-;-;-;-;-;-;2;-;-;-;-;-;-;-;-;-;-;-;-;-;-;-;-;-;-;-;-;-;-;-;-;150
"150710 São Caetano de Odivelas";-;-;-;-;-;-;-;-;1;-;-;-;-;-;-;-;-;-;-;-;-;-;-;-;-;-;-;-;-;-;-;-;-;-;-;-;-;-;-;-;-;-;-;1;1;2;-;-;-;-;-;-;-;-;-;-;-;-;-;-;-;-;-;-;-;-;-;-;-;-;-;-;-;-;-;-;1;-;-;-;-;-;-;-;-;-;-;-;-;-;-;-;-;-;-;-;-;-;-;-;-;-;-;-;-;-;-;-;-;-;-;-;-;-;-;-;-;-;-;-;-;-;-;-;-;-;-;-;-;-;-;-;-;-;-;-;-;-;-;-;-;-;-;-;-;-;-;-;-;-;-;-;-;-;-;-;-;-;-;-;-;-;-;6
"150715 São Domingos do Araguaia";-;-;-;14;17;21;5;7;17;29;14;9;1;-;2;-;-;7;1;8;12;5;2;4;1;-;-;-;-;-;1;2;1;4;3;2;1;5;-;9;10;16;2;5;8;1;2;-;-;-;-;-;-;2;3;3;1;-;-;-;-;-;-;-;-;-;-;1;-;-;-;-;-;-;-;-;-;1;-;-;-;-;-;-;-;-;-;-;-;-;2;2;2;-;-;-;-;-;-;-;-;-;1;1;-;-;-;-;1;-;-;-;-;-;-;-;-;-;-;-;-;-;-;-;-;-;-;-;-;-;-;-;-;-;-;-;-;-;-;-;-;-;-;-;-;-;-;-;-;-;-;-;-;-;-;-;-;-;-;-;-;-;-;268
"150720 São Domingos do Capim";-;-;-;-;-;-;2;-;-;-;-;-;-;-;-;-;-;-;-;-;-;-;-;-;-;-;-;-;-;-;-;-;-;-;-;-;-;-;-;4;2;-;1;1;-;-;-;-;-;-;1;-;1;1;1;1;2;-;-;1;-;1;-;-;-;-;1;1;-;1;-;-;-;-;-;-;-;-;1;4;1;-;1;-;-;-;-;-;-;-;-;-;-;-;-;-;-;-;-;-;-;-;-;-;-;-;-;-;-;-;-;-;-;-;-;-;-;-;-;1;1;1;2;-;2;-;-;-;-;-;-;-;1;-;1;-;-;-;1;-;-;-;-;-;-;-;-;-;-;-;1;-;-;-;-;-;1;-;-;-;-;-;-;41
"150730 São Félix do Xingu";-;-;-;4;2;9;6;5;19;12;1;2;1;1;3;7;14;8;9;9;8;15;10;12;7;6;10;27;25;30;17;16;7;15;13;5;2;1;1;8;12;18;21;12;6;5;7;2;3;1;4;5;5;8;6;11;27;17;9;15;8;15;14;36;18;16;10;18;16;2;2;3;2;1;3;1;6;1;4;33;9;8;12;4;2;2;1;1;1;-;-;9;3;4;2;-;3;3;-;3;7;8;12;7;2;4;4;1;-;1;3;3;2;5;3;6;1;3;-;-;1;-;-;-;-;-;1;1;-;-;1;-;-;1;-;1;3;1;6;2;10;-;2;2;-;-;2;7;1;3;2;3;1;1;1;-;-;-;1;2;1;2;-;948
"150740 São Francisco do Pará";-;-;-;-;-;-;-;-;-;-;-;-;-;-;-;-;-;-;-;-;-;-;-;-;-;-;-;-;-;4;2;-;-;-;-;-;-;-;-;-;-;-;-;-;-;-;-;-;-;-;1;1;1;-;-;-;-;-;-;-;-;-;-;-;-;-;-;-;-;-;-;-;-;-;-;-;-;1;-;-;-;-;-;-;-;-;-;-;-;-;1;-;-;-;-;-;-;-;-;-;-;-;-;-;-;-;-;-;-;-;-;-;-;-;1;-;-;-;-;-;-;-;-;-;-;-;-;-;-;-;-;-;-;-;-;-;-;-;-;-;-;-;-;-;-;-;-;-;-;-;-;-;-;-;-;-;-;-;-;-;-;-;-;12
"150745 São Geraldo do Araguaia";-;-;-;-;1;73;36;30;2;18;11;2;1;6;3;6;1;9;15;28;9;14;12;3;-;-;-;-;-;-;2;12;4;-;2;1;1;-;-;1;1;31;52;43;10;10;2;-;-;-;3;8;22;37;29;40;17;15;8;4;1;2;-;-;-;8;19;37;37;8;1;-;-;-;1;-;-;2;2;8;18;14;1;3;-;-;6;4;4;2;13;4;6;3;3;1;1;1;-;2;3;5;9;6;11;14;14;5;5;3;1;-;2;66;54;43;15;7;2;2;2;-;-;-;-;-;-;2;1;1;-;-;-;-;-;-;1;4;-;-;2;1;-;-;-;-;-;-;-;-;-;-;-;-;-;-;-;-;-;-;-;-;-;1128
"150746 São João da Ponta";-;-;-;-;-;-;-;-;-;-;-;-;-;-;-;-;-;-;-;-;-;-;-;-;-;-;-;-;-;-;-;-;-;-;-;-;-;-;-;-;-;-;-;-;-;-;-;-;-;-;-;-;-;-;-;-;-;-;-;-;-;-;-;-;-;-;-;-;-;-;-;-;-;-;-;-;-;-;-;-;-;-;-;-;-;-;-;-;-;1;-;-;-;-;-;-;-;-;-;-;-;-;-;-;-;-;-;-;-;-;-;-;-;-;-;-;-;-;-;-;-;-;-;-;-;-;-;-;-;-;-;-;-;-;-;-;-;-;-;-;-;-;-;-;-;-;-;-;-;-;-;-;-;-;-;-;-;-;-;-;-;-;-;1
"150747 São João de Pirabas";-;-;-;-;-;12;4;6;16;25;11;8;4;4;10;9;10;14;10;16;14;12;10;6;11;6;11;9;4;1;10;7;13;13;3;4;31;14;31;9;4;5;2;6;1;1;1;1;5;1;-;1;1;7;6;2;3;2;5;2;-;4;1;1;1;2;3;4;1;-;-;1;-;-;-;-;-;-;-;-;1;-;1;-;1;-;-;1;-;-;1;1;-;-;-;-;-;1;-;-;-;-;2;-;-;-;-;-;-;-;-;-;-;-;1;-;-;1;-;3;-;-;-;1;-;-;-;-;-;-;-;-;-;-;-;-;-;1;-;-;-;-;-;-;-;-;-;-;-;-;-;1;-;-;-;-;-;-;-;-;-;-;-;469
"150750 São João do Araguaia";-;-;-;-;1;1;1;1;9;-;3;1;-;-;-;-;-;-;2;2;1;8;1;-;1;-;2;1;-;-;1;-;2;-;1;-;2;2;31;26;23;38;4;8;7;3;-;1;1;-;-;4;2;3;2;7;1;3;-;-;-;-;-;-;-;1;4;3;2;7;2;1;1;-;-;-;-;-;-;-;-;-;-;-;-;-;-;-;-;-;-;-;-;-;-;-;-;-;1;-;2;-;3;-;8;5;5;5;1;5;11;11;4;11;2;3;1;-;-;2;3;-;9;7;12;3;1;9;14;13;2;-;2;1;2;-;2;-;4;2;2;5;7;2;2;2;-;-;1;1;-;-;-;-;-;-;-;-;-;-;-;-;1;417
"150760 São Miguel do Guamá";-;-;-;-;-;1;4;2;6;2;1;-;-;1;-;-;1;3;-;3;-;3;-;3;5;1;2;5;2;-;2;2;1;4;2;-;1;-;-;-;1;-;-;4;2;1;2;3;3;5;4;-;-;4;2;2;3;1;-;1;1;1;-;-;-;1;1;1;-;-;1;-;-;1;-;-;-;1;1;-;1;1;-;1;-;-;1;2;-;1;1;1;1;1;-;1;-;-;-;-;1;1;1;-;-;-;-;-;1;-;-;-;-;-;-;-;-;1;-;-;1;-;-;-;-;-;-;-;1;-;-;-;-;-;-;-;-;-;1;-;-;-;-;-;-;-;-;-;-;-;-;-;-;-;-;-;-;-;-;-;-;-;-;124
"150770 São Sebastião da Boa Vista";-;-;2;-;-;-;2;4;2;1;1;-;1;-;-;1;-;-;-;-;-;-;-;-;-;-;-;-;-;-;-;-;-;-;-;-;-;-;-;1;1;-;-;1;-;-;-;-;-;-;-;-;-;-;-;-;-;-;-;-;-;-;-;-;-;-;-;-;-;-;-;-;-;-;-;-;-;-;-;-;-;-;-;-;-;-;-;-;-;-;-;-;-;-;-;-;-;-;-;-;-;-;-;-;-;-;-;-;-;-;-;-;-;-;-;-;-;-;-;-;-;-;-;-;-;-;-;-;-;-;-;-;-;-;-;-;-;-;-;-;-;-;-;-;-;-;-;-;-;-;-;-;-;-;-;-;-;-;-;-;-;-;-;17
"150775 Sapucaia";-;-;-;-;-;-;-;-;1;1;-;-;-;-;-;-;1;5;1;3;1;2;-;-;-;-;-;-;1;2;-;-;-;2;-;-;-;-;-;-;1;-;-;-;-;-;-;-;-;3;3;-;2;4;3;-;2;1;1;-;-;-;-;1;1;-;8;18;7;3;3;-;-;-;-;-;-;-;1;5;1;-;-;-;-;-;-;-;-;-;-;-;-;3;2;1;-;-;-;6;-;1;2;2;3;3;4;-;-;1;1;12;6;2;-;1;-;-;-;-;-;-;-;-;-;-;1;-;-;-;-;-;-;-;-;-;-;-;-;1;-;-;-;1;-;-;-;-;-;-;-;-;-;-;-;-;-;-;-;-;-;-;-;141
"150780 Senador José Porfírio";-;-;-;-;-;-;-;-;-;-;-;-;-;-;-;-;-;-;-;-;-;-;-;-;-;-;1;1;1;-;2;-;1;-;1;-;-;1;-;-;-;1;2;1;-;-;1;-;2;1;-;-;1;-;2;2;-;-;2;1;1;-;-;-;1;-;-;-;2;-;-;1;1;-;-;3;2;2;-;-;-;-;-;-;-;-;1;-;13;5;13;11;5;7;8;5;-;3;1;-;-;1;1;3;2;-;-;1;-;-;-;-;-;-;-;2;-;-;-;-;-;-;1;-;-;-;-;1;-;-;1;-;-;-;-;-;-;-;-;-;-;-;-;-;1;4;12;3;-;3;-;4;1;-;-;-;-;-;-;-;-;-;-;150
"150790 Soure";-;-;1;-;-;4;12;10;7;1;1;-;1;1;1;2;-;4;5;2;3;-;2;-;-;-;-;-;-;-;4;6;2;7;2;4;15;14;17;26;26;13;15;41;27;7;3;4;2;6;2;4;4;7;8;22;8;19;46;41;50;15;10;4;1;4;2;3;8;3;-;-;-;-;2;-;1;-;-;-;-;-;-;1;-;1;-;-;1;-;1;-;-;1;-;-;6;8;2;1;3;1;3;4;4;2;1;-;-;-;-;-;-;-;-;-;-;-;-;-;5;-;-;-;-;-;-;-;-;-;-;-;-;-;-;-;-;-;-;-;-;6;-;-;-;-;-;-;2;2;1;5;1;-;-;-;-;-;-;-;-;-;-;624
"150795 Tailândia";-;-;-;-;1;4;3;9;5;5;4;-;-;-;-;-;-;-;1;5;4;-;-;-;-;-;-;-;-;-;-;1;1;1;15;17;11;15;14;12;26;27;16;5;6;3;2;2;5;4;3;4;5;2;1;3;3;-;-;-;1;-;-;-;-;-;1;1;-;1;-;-;-;-;-;-;-;-;-;-;3;-;-;1;-;2;1;-;1;-;1;1;-;-;-;-;-;-;-;-;1;1;-;1;-;1;-;-;-;-;-;-;-;-;-;-;-;-;-;-;-;-;-;-;2;1;-;-;1;-;-;-;-;2;-;-;-;-;4;-;-;-;-;-;-;-;-;-;-;-;-;-;-;-;-;-;-;-;-;-;-;-;-;273
"150796 Terra Alta";-;-;-;-;-;-;-;-;-;-;-;-;-;-;-;-;-;-;-;-;-;-;-;-;-;-;-;-;-;-;-;1;-;-;-;-;-;-;-;-;-;-;-;-;-;-;-;-;-;-;-;1;-;-;-;-;-;-;-;-;-;-;-;-;-;-;-;-;-;-;-;-;-;-;-;-;-;-;-;1;-;-;-;-;-;-;1;-;-;-;-;-;-;-;-;-;-;-;-;-;-;-;-;-;-;-;-;-;-;-;-;-;1;-;-;1;-;-;-;-;-;-;-;-;-;-;-;-;-;-;-;-;-;-;-;-;-;-;-;-;-;-;-;-;-;-;-;-;-;-;-;-;-;-;-;-;-;-;-;-;-;-;-;6
"150797 Terra Santa";-;-;-;-;-;-;2;-;-;-;-;-;-;-;-;-;-;-;-;-;-;-;-;-;-;-;-;-;-;-;-;-;-;-;-;-;-;-;-;-;-;-;-;1;-;-;-;-;-;-;-;-;-;-;-;-;-;-;-;-;-;-;-;-;-;-;-;-;-;-;-;-;-;-;-;-;-;-;-;-;-;-;-;-;-;-;-;-;-;-;-;-;-;-;-;-;-;-;-;-;-;-;1;-;-;-;-;-;-;-;-;-;-;-;-;-;-;-;-;-;-;-;-;-;-;-;-;1;-;-;-;-;-;-;-;-;-;-;-;-;-;-;-;-;-;-;-;-;-;-;-;-;-;-;-;-;-;-;-;-;-;-;-;5
"150800 Tomé-Açu";-;-;3;5;9;4;11;5;5;1;-;-;-;-;1;-;-;6;4;3;-;2;3;6;2;-;2;4;2;3;5;5;7;1;4;3;8;3;6;3;3;12;8;6;4;1;6;-;7;3;8;21;12;16;8;6;10;5;6;7;5;15;3;2;3;2;4;18;2;1;5;-;1;-;1;1;-;-;4;4;1;3;-;1;9;2;4;4;1;1;1;1;-;3;2;1;6;3;1;-;-;3;3;6;7;4;3;-;3;2;2;1;2;-;-;1;-;-;1;-;-;-;-;-;-;-;-;-;1;-;-;-;-;-;1;1;-;-;1;2;4;2;-;-;-;-;-;-;-;1;-;-;-;-;-;-;-;-;-;-;-;1;-;442
"150803 Tracuateua";-;-;-;-;2;3;2;9;4;2;2;1;4;1;2;1;1;-;1;4;-;1;-;-;-;-;-;-;-;3;4;3;5;7;3;5;2;-;12;6;4;9;7;17;5;1;-;-;-;-;2;-;2;-;1;-;6;2;1;-;-;1;1;2;-;-;1;1;-;-;-;2;-;-;-;1;2;-;-;3;-;-;-;-;1;-;-;-;1;-;-;-;1;-;-;-;1;1;1;4;6;7;6;7;13;3;3;3;4;-;2;2;2;-;1;1;-;-;1;1;1;2;2;-;4;3;4;1;4;-;-;1;-;-;1;-;1;1;1;3;-;-;-;-;1;1;2;3;-;3;-;-;-;-;-;-;-;-;-;-;-;-;-;272
"150805 Trairão";-;-;-;-;8;-;8;9;1;1;-;-;-;-;-;-;-;-;-;-;-;-;-;-;-;-;-;-;-;-;-;-;-;-;-;-;-;-;-;-;-;1;-;-;-;-;-;-;-;-;-;-;-;-;-;-;-;-;-;-;-;-;-;-;-;-;-;-;-;-;-;-;-;-;-;-;-;-;-;-;-;-;-;-;-;-;-;-;-;-;-;-;-;-;-;-;-;1;-;1;-;-;-;-;-;-;-;-;-;-;-;-;-;-;-;-;-;-;-;-;-;-;-;-;-;-;-;-;-;-;-;-;-;-;-;-;-;-;-;-;-;-;1;-;-;-;-;-;-;-;-;-;-;-;-;-;-;-;-;-;-;1;5;37
"150808 Tucumã";-;1;-;6;10;15;4;8;8;1;2;2;-;2;2;6;6;1;11;3;4;3;1;2;1;-;1;2;4;-;1;14;12;8;5;7;1;4;13;38;90;73;51;98;32;19;4;1;3;2;-;7;6;15;20;21;26;15;15;6;3;-;3;8;14;11;6;10;18;15;4;1;3;-;3;6;2;7;3;10;7;5;3;3;3;1;1;6;4;6;5;19;19;9;2;1;3;-;4;1;8;18;37;16;16;16;17;6;1;5;9;10;22;55;56;46;7;8;11;5;5;3;4;2;2;4;5;-;2;-;-;-;-;-;4;1;3;3;5;13;18;14;6;4;-;2;1;7;4;38;70;32;9;3;2;-;1;1;1;2;3;-;-;1585
"150810 Tucuruí";-;-;2;6;4;3;3;7;5;2;3;2;-;-;-;1;-;1;-;1;-;-;-;-;-;1;-;2;-;-;-;1;1;-;-;-;1;-;4;1;-;2;3;7;2;-;-;-;1;1;1;-;5;4;7;7;2;-;-;-;-;-;-;-;-;1;1;1;-;-;-;-;-;-;-;-;-;-;-;-;-;-;-;2;-;-;-;-;-;-;-;-;-;-;-;-;-;-;1;-;-;-;1;-;-;-;-;-;-;-;-;-;-;-;-;-;-;-;-;-;-;-;-;-;-;-;-;-;-;-;-;-;-;-;-;-;-;-;1;-;1;1;-;-;-;-;-;-;-;-;-;-;1;1;-;-;-;-;-;-;-;-;-;105
"150812 Ulianópolis";3;4;4;3;4;2;-;1;9;9;7;1;5;7;8;6;8;7;-;4;8;8;7;5;2;4;3;4;1;2;2;3;2;-;-;-;-;1;4;6;8;8;24;36;17;6;9;13;16;7;1;5;2;3;3;9;5;3;2;4;7;2;7;3;3;3;3;1;1;3;2;1;-;-;-;-;1;-;-;-;2;1;1;-;2;-;-;-;-;-;1;5;-;1;-;2;-;-;-;-;-;-;1;3;2;21;22;6;3;-;-;-;-;-;-;-;1;-;-;-;-;-;-;-;-;1;-;3;9;-;-;-;-;-;1;-;-;1;-;1;-;-;-;-;1;-;1;-;-;-;-;-;-;-;-;-;-;-;-;-;-;-;-;464
"150815 Uruará";-;-;-;-;-;-;-;-;1;-;-;-;-;-;-;-;-;-;-;-;4;3;21;21;15;1;-;-;4;19;16;35;42;33;33;31;41;37;76;72;59;62;60;38;21;24;10;7;4;4;3;10;3;6;5;18;20;21;29;27;33;15;22;15;11;51;53;73;45;33;17;8;3;4;2;1;1;5;1;7;11;43;11;2;2;6;3;15;7;3;17;28;24;19;11;3;1;1;2;1;4;3;4;1;7;4;3;1;-;-;-;-;-;2;6;5;3;1;5;1;-;-;1;-;1;-;-;2;-;1;-;-;-;1;-;-;-;2;-;-;1;-;-;-;-;-;-;-;2;1;9;2;-;-;-;-;-;-;-;-;1;-;-;1620
"150820 Vigia";-;-;-;-;-;1;3;2;12;2;2;3;-;1;2;-;1;3;11;5;1;1;-;-;2;1;-;-;-;1;4;2;1;1;1;2;1;6;6;2;2;-;-;3;3;1;1;-;3;1;1;2;5;5;1;2;2;2;3;4;1;2;6;-;1;1;-;3;2;2;1;-;1;-;1;-;1;-;1;2;-;2;-;-;-;-;-;-;1;-;-;1;1;-;2;1;-;-;1;1;-;1;1;-;-;-;1;2;-;-;-;1;-;-;3;-;1;1;-;-;-;1;-;1;-;-;1;-;-;-;-;-;-;1;1;-;-;-;-;-;-;-;-;-;-;-;-;-;-;-;-;-;-;-;1;-;-;-;-;-;-;-;-;173
"150830 Viseu";-;-;-;-;-;2;2;18;54;46;18;12;5;10;4;15;9;8;16;23;8;12;25;14;10;8;4;1;6;3;3;1;6;13;11;14;24;46;55;9;12;24;17;26;22;8;1;4;4;11;2;5;4;1;12;17;12;8;3;6;11;7;8;11;5;5;14;30;31;11;-;-;1;2;2;3;1;3;-;-;5;6;2;-;1;4;2;1;1;-;1;4;7;5;3;5;7;28;19;27;24;11;25;69;37;8;3;4;3;8;4;2;2;7;6;5;-;1;5;-;2;4;-;-;-;2;1;3;5;8;7;8;10;4;3;3;1;1;5;4;5;1;-;2;3;2;1;1;-;1;1;3;-;-;-;-;-;-;1;-;-;-;-;1303
"150835 Vitória do Xingu";-;-;-;-;-;-;-;-;-;-;-;-;-;-;-;-;-;-;-;-;-;-;-;-;-;-;-;-;-;1;1;5;11;4;8;6;14;17;9;10;10;24;12;14;4;4;6;2;2;1;-;1;3;-;1;2;-;2;1;1;1;1;-;-;-;11;8;3;4;-;1;1;1;1;1;2;-;1;1;1;-;2;1;-;-;1;-;-;-;3;2;1;-;2;1;-;2;2;-;-;-;-;1;-;-;1;-;-;-;1;-;-;2;-;-;1;1;-;1;-;-;-;-;-;-;-;-;-;-;-;-;-;-;-;-;-;-;-;-;-;1;-;-;-;-;-;2;-;-;-;2;1;-;1;-;-;-;1;-;-;-;-;-;247
"150840 Xinguara";-;-;-;3;13;52;41;54;45;25;15;3;3;2;2;6;14;17;16;30;40;24;3;1;-;2;4;9;16;13;12;26;19;21;15;14;15;-;8;23;35;43;52;36;19;13;5;1;-;-;1;2;1;4;13;14;3;2;2;1;-;-;2;4;4;5;8;5;11;8;6;1;-;-;1;-;1;-;2;5;5;2;-;1;2;1;1;1;1;4;2;2;9;14;2;3;7;1;6;3;6;5;3;2;2;6;7;2;2;3;3;4;38;87;29;8;1;-;-;-;-;-;-;1;-;1;-;-;1;-;1;-;-;-;1;-;1;3;-;-;6;5;2;1;-;-;-;-;-;3;1;10;6;2;-;1;-;-;-;-;-;-;-;1237
"Total";4;12;38;155;579;1298;1258;1230;1347;770;418;200;164;179;211;335;364;533;718;869;670;447;361;249;169;111;151;217;236;330;423;689;614;600;533;452;576;610;714;793;1055;1388;1384;1491;815;526;332;260;262;263;250;376;486;687;751;803;609;523;433;348;343;264;271;279;276;517;661;728;693;399;215;136;113;94;140;114;124;179;191;267;266;257;140;118;92;88;70;116;108;106;218;346;312;240;175;96;133;167;130;172;226;302;404;542;508;340;198;135;137;115;105;109;146;441;448;439;193;190;114;76;73;59;44;33;57;75;79;109;127;99;53;44;53;51;46;40;50;97;128;146;173;146;75;60;48;49;43;67;47;130;170;128;50;28;16;1;10;7;7;10;14;14;19;49966