"Município";"2007/Out";"2007/Nov";"2007/Dez";"2008/Jan";"2008/Fev";"2008/Mar";"2008/Abr";"2008/Mai";"2008/Jun";"2008/Jul";"2008/Ago";"2008/Set";"2008/Out";"2008/Nov";"2008/Dez";"2009/Jan";"2009/Fev";"2009/Mar";"2009/Abr";"2009/Mai";"2009/Jun";"2009/Jul";"2009/Ago";"2009/Set";"2009/Out";"2009/Nov";"2009/Dez";"2010/Jan";"2010/Fev";"2010/Mar";"2010/Abr";"2010/Mai";"2010/Jun";"2010/Jul";"2010/Ago";"2010/Set";"2010/Out";"2010/Nov";"2010/Dez";"2011/Jan";"2011/Fev";"2011/Mar";"2011/Abr";"2011/Mai";"2011/Jun";"2011/Jul";"2011/Ago";"2011/Set";"2011/Out";"2011/Nov";"2011/Dez";"2012/Jan";"2012/Fev";"2012/Mar";"2012/Abr";"2012/Mai";"2012/Jun";"2012/Jul";"2012/Ago";"2012/Set";"2012/Out";"2012/Nov";"2012/Dez";"2013/Jan";"2013/Fev";"2013/Mar";"2013/Abr";"2013/Mai";"2013/Jun";"2013/Jul";"2013/Ago";"2013/Set";"2013/Out";"2013/Nov";"2013/Dez";"2014/Jan";"2014/Fev";"2014/Mar";"2014/Abr";"2014/Mai";"2014/Jun";"2014/Jul";"2014/Ago";"2014/Set";"2014/Out";"2014/Nov";"2014/Dez";"2015/Jan";"2015/Fev";"2015/Mar";"2015/Abr";"2015/Mai";"2015/Jun";"2015/Jul";"2015/Ago";"2015/Set";"2015/Out";"2015/Nov";"2015/Dez";"2016/Jan";"2016/Fev";"2016/Mar";"2016/Abr";"2016/Mai";"2016/Jun";"2016/Jul";"2016/Ago";"2016/Set";"2016/Out";"2016/Nov";"2016/Dez";"2017/Jan";"2017/Fev";"2017/Mar";"2017/Abr";"2017/Mai";"2017/Jun";"2017/Jul";"2017/Ago";"2017/Set";"2017/Out";"2017/Nov";"2017/Dez";"2018/Jan";"2018/Fev";"2018/Mar";"2018/Abr";"2018/Mai";"2018/Jun";"2018/Jul";"2018/Ago";"2018/Set";"2018/Out";"2018/Nov";"2018/Dez";"2019/Jan";"2019/Fev";"2019/Mar";"2019/Abr";"2019/Mai";"2019/Jun";"2019/Jul";"2019/Ago";"2019/Set";"2019/Out";"2019/Nov";"2019/Dez";"2020/Jan";"2020/Fev";"2020/Mar";"2020/Abr";"2020/Mai";"2020/Jun";"2020/Jul";"2020/Ago";"2020/Set";"2020/Out";"2020/Nov";"2020/Dez";"2021/Jan";"2021/Fev";"Total"
"510010 Acorizal";-;-;-;-;-;-;-;-;-;-;-;-;-;-;-;-;-;-;-;-;-;-;-;-;-;-;-;-;1;1;-;-;1;-;-;1;-;-;-;-;-;-;-;1;-;-;-;-;-;-;-;-;-;-;1;-;-;-;-;-;-;-;-;-;1;-;-;-;-;-;-;-;-;-;-;-;-;-;-;-;-;-;-;-;-;-;-;-;-;-;-;1;-;-;-;-;-;-;-;-;-;-;1;-;-;-;-;-;-;-;-;-;-;-;-;-;-;-;-;-;-;-;-;-;-;-;-;-;-;-;-;-;-;-;-;-;-;-;-;-;-;-;-;-;-;-;-;-;-;-;-;-;-;-;-;-;-;-;-;-;-;9
"510020 Água Boa";-;-;-;-;-;-;-;-;-;-;-;-;-;-;-;-;-;-;-;-;-;-;-;-;-;-;-;-;4;3;1;-;-;-;1;1;-;-;-;-;-;2;1;-;-;-;-;-;-;-;-;-;-;-;-;2;-;1;4;5;8;14;9;7;4;6;6;2;4;-;-;-;-;1;-;1;-;-;-;-;-;-;-;-;-;-;-;1;-;1;2;-;4;-;-;-;-;-;-;1;3;5;2;-;-;-;-;-;-;1;1;-;-;-;-;-;-;-;-;-;-;-;-;-;-;-;-;1;-;-;-;-;-;-;-;-;1;4;-;-;2;-;-;1;-;-;2;-;2;1;-;1;1;1;-;-;-;-;-;-;-;125
"510025 Alta Floresta";-;-;-;6;4;3;2;-;-;-;-;-;-;-;-;-;-;-;-;-;-;-;-;1;1;1;1;5;2;1;2;-;-;1;-;-;-;-;-;1;-;-;-;-;1;-;-;-;-;-;-;-;-;-;-;-;-;-;1;-;-;2;3;9;3;4;5;6;6;7;9;4;2;2;6;-;1;4;3;2;-;-;1;-;-;2;-;3;4;6;1;6;-;-;-;-;-;2;-;3;6;1;-;-;-;-;-;1;-;-;-;2;4;7;2;-;1;-;-;1;-;-;-;3;4;1;1;-;-;-;2;-;2;-;-;-;1;-;-;-;-;-;-;-;3;3;2;4;1;9;8;1;1;1;2;1;-;-;-;1;-;215
"510030 Alto Araguaia";-;-;-;1;-;-;1;3;-;-;-;-;-;-;-;-;-;-;1;4;-;-;-;-;-;-;-;4;2;1;-;-;-;-;-;-;-;-;-;-;-;-;-;-;-;-;-;-;-;-;-;-;-;-;-;-;-;-;-;-;-;-;-;-;-;-;-;-;-;-;-;-;-;-;-;-;-;-;-;-;-;-;-;-;-;-;-;-;1;-;-;-;-;-;-;-;-;-;-;-;-;-;-;-;-;-;-;-;-;-;-;-;-;-;-;-;-;-;-;-;-;-;-;-;-;3;-;-;2;-;-;-;-;-;1;-;4;3;1;3;2;-;-;-;-;-;-;2;5;1;4;2;-;-;-;-;-;-;-;-;-;51
"510035 Alto Boa Vista";-;-;-;-;1;3;6;-;-;-;1;-;-;3;2;1;-;-;-;-;-;-;-;-;-;-;-;-;2;1;-;-;-;-;-;-;-;-;-;-;-;-;-;-;-;-;-;-;-;-;-;-;-;-;-;-;-;-;-;1;-;2;-;1;-;-;1;-;-;-;-;-;-;-;1;-;-;-;-;-;-;-;-;-;-;-;-;-;-;-;-;-;-;-;-;-;-;-;-;-;-;-;-;-;-;-;-;-;-;-;-;-;-;-;-;-;-;-;-;-;-;-;-;-;-;-;-;-;-;-;-;-;-;-;-;-;-;-;-;-;-;-;-;-;-;-;-;-;-;-;-;-;-;-;-;-;-;-;-;-;-;26
"510040 Alto Garças";-;-;-;-;-;-;-;-;-;-;-;-;-;-;-;-;-;-;-;-;-;-;-;-;-;-;-;-;-;-;-;-;-;-;-;-;-;-;-;-;-;-;-;-;-;-;-;-;-;-;-;-;-;-;-;-;-;-;-;-;-;-;-;-;-;-;-;-;-;-;-;-;-;-;-;-;-;-;-;-;-;-;-;-;-;-;-;-;-;-;-;-;-;-;-;-;-;-;-;-;-;-;-;-;-;-;-;-;-;-;-;-;-;-;-;-;-;-;-;-;-;-;-;-;-;-;-;-;-;-;-;-;-;-;-;-;-;-;-;-;1;-;-;-;-;-;-;-;-;-;-;-;-;-;-;-;-;-;-;-;-;1
"510050 Alto Paraguai";-;-;-;-;-;-;-;-;-;-;-;-;-;-;-;-;-;-;1;-;-;1;-;-;-;-;-;1;1;-;-;-;-;-;-;-;1;1;1;3;-;-;-;-;-;-;-;-;-;-;-;-;-;-;-;-;-;-;-;-;-;-;-;-;1;-;-;-;-;-;-;-;-;-;-;-;-;-;-;-;-;-;-;-;-;-;-;-;-;-;-;-;-;-;-;-;-;-;-;-;-;-;-;-;-;-;-;-;-;-;-;-;-;-;-;-;-;-;-;-;-;-;-;-;-;-;-;-;-;-;-;-;-;-;-;-;-;-;-;-;-;-;-;-;-;-;-;-;-;-;-;-;-;-;-;-;-;-;-;-;-;11
"510060 Alto Taquari";-;-;-;-;-;-;-;-;-;-;-;-;-;-;-;-;-;-;-;-;-;-;-;-;-;-;-;-;-;-;-;-;-;-;-;-;-;-;-;-;-;-;-;-;-;-;-;-;-;-;-;-;-;-;-;-;-;-;-;-;-;-;-;-;-;-;-;-;-;-;-;-;-;-;-;-;-;-;-;-;-;-;-;-;-;-;-;-;1;1;-;-;-;-;-;1;-;-;-;-;-;-;-;-;-;-;-;-;-;-;-;-;-;-;-;-;-;-;-;-;-;-;-;-;-;-;-;-;-;-;-;-;-;-;-;-;-;-;-;-;-;1;-;-;-;-;-;-;-;1;-;-;-;-;-;-;-;-;-;-;-;5
"510080 Apiacás";-;-;-;-;-;-;-;-;-;-;-;-;-;-;-;-;-;-;-;-;-;-;-;-;-;-;-;-;-;-;-;-;-;-;-;-;-;-;-;-;-;-;-;-;-;-;-;-;-;-;-;-;-;-;-;-;-;-;-;-;-;-;1;-;-;-;-;-;-;-;-;-;1;-;-;-;-;-;-;-;-;-;-;-;-;-;-;-;1;-;-;-;-;-;-;-;-;-;-;-;-;-;-;-;-;-;-;-;-;-;-;-;-;-;-;-;-;-;-;-;-;-;-;-;-;-;-;-;-;-;-;-;-;-;-;-;-;-;-;-;-;-;-;-;-;-;-;-;-;-;-;-;-;-;-;-;-;-;-;-;-;3
"510100 Araguaiana";-;-;-;-;-;-;-;-;-;-;-;-;-;-;-;-;-;-;-;-;-;-;-;-;-;-;-;-;-;-;-;-;-;-;-;-;-;-;-;-;-;-;-;-;-;-;-;-;-;-;-;-;-;-;-;-;-;-;-;-;-;-;-;-;-;-;-;-;-;-;-;-;-;-;-;-;-;-;-;-;-;-;-;-;-;-;-;-;-;-;-;-;-;-;-;-;-;-;-;-;-;-;-;-;-;-;-;-;-;-;-;-;-;-;-;-;-;-;-;-;-;-;-;-;-;-;-;-;-;-;-;-;-;-;-;-;-;1;-;1;1;-;-;-;-;-;-;1;-;-;-;-;-;-;-;-;-;-;-;-;-;4
"510120 Araguainha";-;-;-;-;-;-;-;-;-;-;-;-;-;-;-;-;-;-;-;-;-;-;-;-;-;-;-;1;-;-;-;-;-;-;-;-;-;-;-;-;-;-;-;-;-;-;-;-;-;-;-;-;-;-;-;-;-;-;-;-;-;-;-;-;-;-;-;-;-;-;-;-;-;-;-;-;-;-;-;-;-;-;-;-;-;-;-;-;-;-;-;-;-;-;-;-;-;-;-;-;-;-;-;-;-;-;-;-;-;-;-;-;-;-;-;-;-;-;-;-;-;-;-;-;-;-;-;-;-;-;-;-;-;-;-;-;-;-;1;-;-;-;-;-;-;-;-;-;-;-;-;-;-;-;-;-;-;-;-;-;-;2
"510125 Araputanga";-;-;-;-;-;1;-;-;-;-;-;-;-;-;-;-;-;2;1;1;-;-;-;-;2;1;13;19;8;4;-;1;-;-;-;-;-;-;-;1;-;-;-;-;1;-;-;-;-;-;-;-;1;-;6;10;1;-;-;-;-;-;-;2;2;-;1;-;-;-;-;-;-;1;-;1;-;-;-;-;-;-;-;-;-;-;-;-;-;-;-;-;-;-;-;-;-;-;-;-;-;-;-;-;-;-;-;-;-;-;-;-;-;-;-;-;-;-;-;-;-;-;-;-;-;-;-;-;-;-;-;-;-;-;-;-;-;-;-;-;-;-;-;-;-;-;1;-;3;-;-;-;-;-;-;-;-;-;-;-;-;84
"510130 Arenápolis";-;-;-;-;-;2;5;1;-;1;-;-;-;-;-;-;1;3;13;16;5;1;-;-;3;1;2;1;2;3;2;3;2;-;-;2;-;4;5;2;-;-;1;-;-;-;-;-;-;-;-;-;1;-;4;20;23;8;1;4;1;5;7;7;-;-;-;-;-;-;-;-;-;-;-;-;-;-;-;-;-;-;-;-;-;-;-;1;1;-;1;-;-;-;-;-;-;-;-;1;-;1;-;-;-;-;-;-;-;-;-;-;-;-;-;-;-;-;-;-;-;-;-;-;-;-;-;-;-;-;-;-;-;-;-;-;-;-;-;-;-;-;-;-;-;-;-;-;-;-;-;-;-;-;-;-;-;-;-;-;-;167
"510140 Aripuanã";-;1;4;12;10;2;5;1;1;2;-;-;-;3;2;1;1;1;1;-;1;3;19;17;43;52;45;33;14;8;-;-;4;3;3;3;-;1;2;1;6;3;2;2;-;2;-;7;3;21;36;31;33;11;9;10;18;6;2;1;6;3;4;9;6;9;5;1;3;1;2;2;-;5;-;3;2;5;8;4;4;2;2;-;3;1;2;2;3;1;6;22;19;5;1;2;1;4;8;10;15;8;-;1;1;3;1;4;1;3;10;2;3;3;3;-;3;-;3;4;3;2;2;2;1;2;2;5;4;1;-;-;2;2;4;3;1;4;2;3;6;5;2;1;-;1;2;10;9;13;6;5;6;-;-;-;2;-;-;-;-;859
"510160 Barão de Melgaço";-;-;-;-;-;-;-;-;-;-;-;-;-;-;-;-;-;-;-;-;-;-;-;-;-;1;-;1;-;1;-;-;-;-;-;-;-;-;-;-;-;-;-;-;-;-;-;-;-;-;-;-;1;-;-;-;-;-;-;-;-;-;-;-;-;-;-;-;-;-;-;-;-;-;-;-;-;-;-;-;-;-;-;-;-;-;-;-;-;-;-;-;-;-;-;-;-;-;-;-;-;-;-;-;-;-;-;-;-;-;-;-;-;-;-;-;-;-;-;-;-;-;-;-;-;-;-;-;-;-;-;-;-;-;-;-;-;-;-;-;-;-;-;-;-;-;-;-;-;-;-;-;-;-;-;-;-;-;-;-;-;4
"510170 Barra do Bugres";-;-;1;1;4;1;1;-;-;-;-;-;-;1;1;-;2;6;7;13;9;4;-;2;3;2;11;16;10;2;3;-;-;-;-;-;1;-;-;-;-;1;-;-;-;-;-;-;-;-;-;2;1;3;6;6;4;1;2;-;1;5;3;3;5;1;3;-;-;-;-;-;-;-;-;-;-;-;1;3;-;-;-;-;-;-;1;-;-;-;-;2;-;-;-;-;-;-;1;-;1;-;-;1;-;-;-;-;-;-;-;1;-;-;-;-;1;1;-;-;-;-;-;-;-;1;-;-;-;-;-;-;-;-;-;1;-;-;-;1;-;1;-;-;2;1;4;3;3;2;1;-;-;-;-;-;-;-;-;-;-;181
"510180 Barra do Garças";-;-;-;1;1;-;-;-;-;-;-;-;-;-;-;-;-;1;1;2;-;1;-;-;-;4;8;20;10;4;1;-;-;-;-;-;-;-;2;-;-;-;-;-;-;-;-;-;-;-;-;-;-;-;-;1;-;1;-;-;-;1;-;-;3;-;-;-;-;-;1;-;-;-;-;-;-;-;-;-;-;-;-;-;-;-;-;-;-;-;-;-;1;-;-;-;-;1;-;-;-;-;-;-;-;1;-;-;-;-;-;-;-;-;-;-;-;-;-;-;-;1;-;-;-;-;2;1;1;-;-;1;1;-;-;4;-;-;1;-;-;2;-;1;-;-;-;-;1;-;-;-;-;-;1;-;-;-;-;-;-;83
"510185 Bom Jesus do Araguaia";-;-;-;-;-;1;-;1;-;-;-;-;-;-;-;-;-;-;-;-;-;-;-;-;-;-;-;2;-;1;1;-;-;-;-;-;-;-;-;-;-;-;-;-;-;-;-;-;-;-;-;-;-;-;-;-;-;-;-;-;1;-;-;-;-;-;-;-;-;-;-;-;-;-;-;-;-;-;-;-;-;-;-;-;-;-;-;-;-;-;-;-;-;-;-;-;-;-;-;-;-;-;-;-;-;-;-;-;-;-;-;-;-;-;-;-;-;-;-;-;-;-;-;-;-;-;-;-;-;-;-;-;-;-;-;-;1;-;-;1;1;-;-;-;-;-;-;-;-;-;-;-;-;-;-;-;-;-;-;-;-;10
"510190 Brasnorte";-;-;-;-;-;-;-;1;1;-;-;-;1;1;6;1;3;1;-;1;1;1;-;-;1;-;-;-;-;1;-;-;1;-;-;-;-;1;-;4;-;2;1;2;-;1;-;-;-;-;1;2;1;1;1;-;-;2;6;2;3;3;-;6;3;-;1;-;2;1;-;-;1;1;2;1;-;1;-;1;-;1;1;-;-;-;-;1;-;-;-;6;4;1;5;1;3;2;5;3;1;-;-;2;2;2;-;1;-;-;-;-;-;-;1;1;-;-;-;3;1;-;1;1;3;5;5;3;3;-;1;-;2;-;1;2;-;-;-;-;-;-;1;-;1;-;-;8;15;14;9;7;2;1;1;1;1;-;2;1;2;214
"510250 Cáceres";-;-;1;4;-;-;-;-;-;-;-;-;-;-;-;-;1;5;1;4;3;-;-;2;19;59;68;31;7;5;3;2;-;-;2;2;-;1;1;1;1;1;-;-;-;-;-;-;-;-;-;-;4;6;1;3;1;2;1;1;1;3;1;5;4;2;4;-;-;1;-;1;1;1;-;1;-;3;-;-;-;-;-;-;-;-;1;-;1;-;1;-;-;1;-;-;-;-;1;-;-;-;-;-;-;1;-;-;-;-;1;1;-;-;1;-;-;-;-;-;-;-;1;2;-;-;1;-;-;-;1;-;-;-;-;-;-;-;-;-;-;1;-;-;-;-;-;7;8;2;1;-;-;1;-;-;-;-;1;1;-;307
"510260 Campinápolis";-;-;-;-;1;7;-;-;-;-;-;1;-;-;-;-;1;2;1;9;1;-;-;-;-;-;-;5;9;4;-;5;-;-;1;1;1;-;9;3;-;-;1;-;-;-;-;-;-;4;-;3;7;9;7;3;2;1;1;-;-;-;-;7;4;2;-;1;1;-;-;-;-;-;2;-;1;1;1;1;-;-;1;-;-;-;-;-;-;1;2;-;1;-;-;1;-;1;-;-;-;-;-;-;-;-;-;-;-;1;1;-;-;3;-;-;-;-;-;-;-;-;-;-;-;-;1;1;-;1;-;-;-;-;1;1;1;1;-;2;-;1;-;-;-;-;3;5;2;-;-;1;-;-;-;-;-;-;-;-;-;153
"510263 Campo Novo do Parecis";3;-;3;3;14;10;8;3;1;-;-;-;1;-;-;1;1;3;4;6;2;6;1;7;8;-;4;4;1;-;5;4;2;-;2;1;3;2;1;2;-;2;1;2;-;1;-;-;-;-;-;2;1;1;3;2;1;3;2;1;-;2;2;7;3;5;11;-;2;1;1;-;2;1;2;2;3;1;-;-;2;-;-;-;-;-;-;-;-;2;3;4;8;3;1;-;-;-;1;-;-;3;2;1;1;-;1;-;-;-;-;-;1;1;3;2;-;-;-;1;-;-;-;1;2;1;2;-;-;1;-;-;-;-;-;-;-;-;-;-;-;-;-;-;-;-;2;6;23;19;7;-;-;1;-;-;-;-;-;-;-;288
"510267 Campo Verde";-;-;-;1;-;-;1;-;-;-;-;-;1;-;-;-;1;2;5;6;2;-;1;-;1;5;22;37;20;11;7;2;-;-;-;-;-;-;-;4;5;2;3;-;1;-;-;1;4;2;-;10;7;11;6;11;3;1;3;-;-;-;3;3;6;6;7;1;-;2;-;-;1;-;-;-;-;1;1;-;-;-;1;-;-;1;1;-;-;-;2;-;4;2;1;-;-;-;2;2;5;6;3;1;-;-;-;-;-;-;1;2;-;-;-;-;1;-;1;2;-;1;-;-;1;-;-;-;-;1;-;1;-;-;-;-;-;-;-;2;-;-;-;1;-;-;1;-;2;3;2;1;-;-;-;-;-;-;-;-;1;285
"510268 Campos de Júlio";-;-;-;-;-;-;-;-;-;-;-;-;-;-;-;-;-;-;-;-;-;-;-;-;-;-;-;-;-;-;-;-;-;-;-;-;-;-;-;-;-;-;-;-;-;-;-;-;-;-;-;-;-;-;-;-;-;-;-;-;-;-;-;1;-;-;-;-;-;1;-;-;-;-;-;-;-;2;-;1;-;-;-;-;-;-;-;-;-;-;-;-;-;-;-;-;-;-;-;-;-;-;-;-;-;-;-;-;-;-;1;-;-;-;-;-;-;-;-;-;-;-;-;-;-;-;-;-;-;-;-;-;-;-;-;-;-;-;-;-;1;-;-;-;4;1;4;33;15;4;1;-;1;-;-;-;-;-;-;-;-;70
"510269 Canabrava do Norte";-;-;-;-;-;-;-;-;-;-;-;-;-;-;-;-;-;-;-;-;-;-;-;-;-;-;-;-;-;-;-;-;-;-;-;-;-;-;-;-;-;-;-;-;-;-;-;-;-;-;-;-;-;-;-;-;-;-;-;-;-;-;-;-;-;1;-;-;-;-;-;-;-;-;-;-;-;-;-;-;-;-;-;-;-;-;-;-;-;-;-;-;-;-;-;-;-;-;-;-;-;-;-;-;-;-;-;-;-;-;-;-;-;-;-;-;-;-;-;-;-;-;-;-;-;-;-;-;-;-;-;-;-;-;-;-;-;-;-;2;1;-;-;-;-;-;-;-;-;-;-;-;-;-;-;-;-;-;-;-;-;4
"510270 Canarana";-;-;-;-;-;-;-;1;-;-;-;-;-;-;-;1;-;2;-;1;-;-;1;-;-;-;1;3;-;4;1;1;-;-;-;-;-;1;-;-;-;1;-;-;-;-;-;-;-;-;-;-;-;-;2;-;1;-;-;-;-;-;-;-;-;2;2;-;-;-;-;-;-;-;-;-;-;-;-;-;-;-;-;-;-;-;-;-;-;-;-;1;-;-;-;-;-;-;-;-;1;-;-;-;-;-;-;-;-;-;-;1;-;-;-;-;-;-;-;-;-;-;-;-;1;-;-;1;-;-;-;-;1;1;1;2;2;2;1;5;1;-;-;1;-;-;-;-;-;-;-;-;-;-;-;-;-;1;-;-;-;48
"510279 Carlinda";-;-;-;-;-;-;-;-;-;-;-;-;-;-;-;-;-;-;-;-;-;-;-;-;-;-;-;-;-;-;-;-;-;-;-;-;-;-;-;-;-;-;-;-;-;-;-;-;-;-;-;-;-;-;-;2;-;-;3;-;-;3;8;10;7;2;2;-;-;-;-;1;-;-;-;-;1;1;3;-;-;-;-;-;-;-;-;-;-;-;2;3;1;-;-;-;-;-;-;-;-;-;-;-;-;-;-;-;-;-;-;-;1;-;-;-;-;-;-;-;-;-;-;-;-;-;-;-;-;-;-;-;-;-;-;-;-;-;-;-;-;-;-;-;-;-;-;-;1;-;-;2;1;-;-;-;-;-;-;-;-;54
"510285 Castanheira";-;-;-;-;-;1;-;-;-;-;-;-;-;-;-;-;-;2;1;-;-;-;-;-;-;-;-;-;2;-;-;-;-;-;-;-;-;-;-;-;-;-;-;-;-;-;-;-;-;-;-;1;1;1;-;-;-;-;-;-;-;1;-;-;-;-;-;-;-;-;-;-;-;-;-;-;-;-;-;-;-;-;-;-;-;-;-;-;-;-;-;-;-;-;-;-;-;-;-;-;-;-;-;-;-;-;-;-;1;-;1;-;-;-;-;-;-;-;-;-;-;-;-;-;-;-;-;-;-;-;-;-;-;-;-;-;-;-;-;-;-;-;-;-;-;-;-;-;-;1;-;-;-;-;-;-;-;-;-;-;-;13
"510300 Chapada dos Guimarães";-;-;-;-;3;1;1;-;-;-;-;-;-;-;-;-;-;-;1;-;-;-;-;-;-;-;-;1;1;9;5;-;1;-;-;-;1;1;3;4;-;2;-;-;-;-;-;-;-;-;-;-;-;1;4;-;1;1;-;-;1;-;-;2;2;2;-;-;-;-;-;-;-;-;1;-;1;-;1;-;-;-;-;1;-;-;1;-;-;-;-;-;-;-;-;-;-;-;-;1;-;-;-;-;-;-;-;-;-;-;-;-;-;-;-;-;-;-;-;-;-;-;-;-;-;-;-;-;-;-;-;-;-;-;-;-;-;-;-;-;-;-;-;-;-;-;-;-;-;1;-;-;-;-;-;-;2;-;-;-;-;57
"510305 Cláudia";-;-;-;-;-;-;-;-;-;-;-;-;-;-;-;-;-;-;-;-;-;-;-;-;-;-;6;8;7;-;1;3;1;-;-;-;-;-;-;-;-;-;1;-;-;-;-;-;-;-;-;-;1;-;-;-;-;-;-;-;-;-;-;-;-;-;-;-;-;-;-;-;-;-;-;-;-;-;-;-;-;-;-;-;-;-;-;-;-;-;-;-;-;-;-;-;-;-;-;-;-;-;-;-;-;-;-;-;-;-;1;-;-;-;-;-;-;-;-;-;-;-;-;-;-;-;-;-;-;-;-;1;-;-;-;-;-;1;-;-;-;-;-;-;-;-;-;-;-;1;4;7;13;7;4;3;6;10;2;6;-;94
"510310 Cocalinho";-;-;-;-;-;-;-;-;-;-;-;-;-;-;-;-;-;-;-;-;-;-;-;-;-;-;1;-;1;-;-;-;-;-;-;-;-;-;-;-;-;-;-;-;-;-;-;-;-;-;-;-;-;-;-;-;-;-;-;-;1;-;-;-;-;-;-;-;-;-;-;-;-;1;-;-;-;-;-;-;-;-;-;-;-;-;-;-;-;-;5;7;1;-;-;-;-;-;-;3;-;1;-;-;-;-;-;-;-;-;-;-;-;-;1;-;-;-;-;-;-;-;-;-;-;2;1;-;-;-;-;-;-;-;-;2;1;-;1;-;10;2;4;1;-;4;-;1;-;1;2;3;3;-;-;-;-;-;-;-;-;60
"510320 Colíder";-;-;1;2;3;1;-;1;1;-;-;-;-;-;-;1;1;3;-;-;-;-;1;3;3;21;20;7;1;2;1;4;-;1;-;-;-;-;1;-;-;1;-;1;-;-;-;-;2;-;-;-;1;-;1;-;-;-;-;-;-;-;2;2;6;4;6;5;3;1;2;2;1;1;2;1;-;-;-;-;-;-;-;-;1;-;-;-;-;1;2;5;8;1;2;-;1;-;3;4;1;2;2;1;-;-;-;-;-;-;-;-;-;-;-;-;-;-;-;-;1;-;-;-;-;-;-;-;-;-;-;-;1;-;-;-;1;-;-;-;-;-;-;-;-;-;-;3;-;1;-;-;-;-;-;-;-;-;-;1;8;173
"510325 Colniza";-;-;-;-;-;-;-;-;-;-;-;-;-;-;-;-;-;-;-;-;-;-;-;-;-;-;2;3;-;2;-;-;-;-;-;-;-;-;-;2;1;1;1;1;-;-;-;-;1;-;1;1;-;2;-;-;1;-;-;-;-;-;1;-;3;-;1;1;-;-;-;-;1;6;1;2;3;3;2;3;6;3;1;-;5;1;-;-;6;4;1;1;-;-;-;-;1;-;3;1;-;1;3;2;-;-;-;-;-;-;-;1;-;-;-;-;-;-;-;-;-;-;-;1;2;1;3;1;4;1;-;1;1;-;1;1;1;3;2;3;1;1;2;1;8;13;32;17;4;1;-;1;-;5;-;2;2;-;-;-;-;202
"510330 Comodoro";-;-;-;-;-;1;2;-;-;-;-;-;-;-;1;-;1;3;1;-;-;-;-;-;-;-;1;2;6;5;2;3;9;7;4;-;4;3;11;4;5;-;5;10;1;-;2;2;5;8;2;8;5;2;18;7;11;5;6;5;15;19;30;25;43;11;20;16;-;6;6;9;6;5;6;4;7;5;4;8;2;2;2;1;6;1;1;-;4;1;5;15;3;5;3;-;1;1;6;7;9;4;-;-;-;-;-;-;1;-;-;2;4;2;3;-;-;-;-;-;-;1;2;2;-;-;-;4;-;2;1;1;2;1;-;1;1;-;-;-;1;-;1;4;-;1;10;9;15;4;1;2;1;1;1;-;-;-;-;-;-;582
"510335 Confresa";-;-;-;-;1;-;-;-;-;-;-;-;-;-;-;11;10;6;5;5;-;-;-;-;-;1;-;-;-;-;-;-;-;-;1;-;-;-;-;-;1;-;1;1;-;-;-;-;-;-;-;-;-;-;-;1;-;-;-;-;-;-;-;-;-;2;-;1;-;-;-;-;-;-;-;-;-;-;-;-;-;-;-;-;-;-;-;-;-;-;1;-;2;-;-;-;-;-;1;-;1;1;-;-;-;-;-;-;-;-;-;1;-;-;-;-;-;-;-;-;-;-;-;1;-;3;4;3;-;1;-;-;-;1;-;5;10;13;2;7;1;-;-;-;-;-;1;5;3;5;5;4;1;-;-;1;-;-;-;1;-;131
"510336 Conquista D'Oeste";-;-;-;-;-;-;-;-;-;-;-;-;-;-;-;-;-;-;-;-;-;-;-;-;-;-;-;3;-;-;-;-;-;-;1;-;-;-;-;-;-;-;-;-;-;-;-;-;-;1;-;-;-;-;-;-;-;1;-;-;-;-;-;-;-;-;-;-;-;-;-;-;-;-;-;-;-;-;-;-;-;-;-;-;-;-;-;-;-;-;-;-;-;-;-;-;-;-;-;-;-;-;-;-;-;-;-;-;-;-;-;-;-;-;-;-;-;-;-;-;-;-;-;-;-;-;-;-;-;-;-;-;-;-;-;-;-;-;-;-;-;-;-;-;-;-;-;-;-;-;-;-;-;-;-;-;-;-;-;-;-;6
"510337 Cotriguaçu";-;-;-;-;-;-;-;-;-;-;-;-;-;-;-;-;-;1;-;-;-;-;-;-;-;-;-;-;-;4;1;1;2;-;-;-;-;-;1;-;-;-;-;-;-;-;-;-;-;-;-;-;-;-;-;-;-;-;-;-;-;-;-;-;2;2;-;1;-;-;-;-;-;-;1;-;-;-;1;2;-;-;-;-;-;1;-;-;5;4;1;-;2;-;-;-;-;4;17;39;21;7;9;2;-;-;-;-;-;-;-;-;-;-;-;-;-;-;-;-;-;-;-;1;1;-;-;-;-;-;-;-;-;-;-;-;-;-;-;-;-;-;-;-;-;4;10;15;-;-;-;-;-;-;-;-;-;-;-;1;-;163
"510340 Cuiabá";-;1;3;9;4;3;5;-;1;1;-;-;-;-;-;2;11;30;93;144;45;14;4;2;11;27;87;166;130;97;29;12;6;12;9;8;7;7;14;16;8;19;10;6;2;2;3;5;3;4;6;10;77;104;112;51;23;11;10;7;5;5;4;29;18;9;5;8;4;1;-;4;5;4;1;-;2;8;7;6;3;5;2;5;6;2;3;4;7;8;9;11;6;4;4;2;2;1;2;1;3;-;3;-;-;1;-;-;-;1;1;2;1;2;3;1;1;-;-;-;-;-;-;-;4;-;-;1;-;1;-;-;-;2;1;-;-;-;-;1;2;2;-;-;-;-;-;1;-;1;2;3;1;1;-;-;-;-;-;-;-;1737
"510343 Curvelândia";-;-;-;-;-;-;-;-;-;-;-;-;-;-;-;-;-;1;-;-;1;-;-;-;1;2;1;1;-;1;-;-;-;-;-;-;-;1;-;-;-;-;-;-;-;-;-;-;-;-;-;-;-;-;-;-;-;-;-;-;-;-;-;1;-;-;-;-;-;-;-;-;-;-;-;-;-;-;-;-;-;-;-;-;-;-;-;-;-;-;-;-;-;-;-;-;-;-;-;-;-;-;-;-;-;-;-;-;-;-;-;-;-;-;-;-;-;-;-;-;-;-;-;-;-;-;-;-;-;-;-;-;-;-;-;-;-;-;-;-;-;-;-;-;-;-;-;-;-;-;-;-;-;-;-;-;-;-;-;-;-;10
"510345 Denise";-;-;-;-;-;-;-;-;-;-;-;-;-;-;-;-;-;-;-;-;-;-;-;-;-;3;10;3;-;1;-;-;-;-;-;-;-;-;-;1;-;-;-;-;-;-;-;-;-;-;-;-;-;1;-;1;-;-;-;-;-;-;1;2;-;-;-;-;-;-;-;-;-;-;-;-;-;-;-;-;-;-;-;-;-;1;-;-;-;2;6;7;-;-;-;-;-;1;-;-;-;-;2;-;-;-;-;-;-;-;-;-;-;-;-;-;-;-;-;-;-;-;-;-;-;-;-;-;-;-;-;-;-;-;-;-;-;-;-;-;-;-;-;-;-;-;-;-;-;-;-;-;-;-;-;-;-;-;-;-;-;42
"510350 Diamantino";-;-;1;1;-;1;-;-;-;-;-;-;-;-;-;-;-;-;3;23;3;1;2;-;2;1;2;3;6;3;-;2;2;1;-;1;2;3;2;2;-;-;-;-;-;-;-;-;-;1;-;-;-;1;2;3;9;2;1;2;2;-;2;7;2;1;1;-;-;-;-;1;-;-;-;-;-;-;-;-;1;-;-;-;-;-;-;-;-;-;-;1;-;-;-;-;-;-;1;1;-;1;-;-;-;-;-;-;-;-;-;-;-;1;-;-;-;-;-;-;1;-;-;-;-;-;-;-;-;-;-;-;-;-;1;-;-;-;-;-;1;-;-;-;-;-;-;-;-;-;-;-;-;-;-;-;-;-;-;-;-;113
"510360 Dom Aquino";-;-;-;-;-;-;-;-;-;-;-;-;-;-;-;-;-;-;1;-;2;-;-;-;1;-;2;2;1;1;3;-;-;-;-;-;1;3;-;6;-;-;-;-;-;-;-;-;-;-;-;-;-;1;-;-;1;-;1;-;-;-;-;-;-;-;-;-;-;-;-;-;-;-;-;-;-;-;-;-;-;-;-;-;-;-;-;-;-;-;-;-;-;-;-;-;-;-;-;-;-;-;-;-;-;-;-;-;-;-;-;-;-;-;-;-;-;-;-;-;-;-;-;-;-;-;-;-;-;-;-;-;-;-;-;-;-;-;1;-;-;-;-;-;-;-;-;-;-;-;1;2;-;1;-;-;-;-;-;1;-;32
"510370 Feliz Natal";-;-;-;-;-;-;-;-;-;-;-;-;-;-;-;-;-;-;-;-;-;-;-;-;1;-;2;2;3;3;-;1;-;-;-;-;-;-;-;-;-;-;-;-;-;-;-;-;-;-;-;-;-;-;-;-;-;-;-;-;-;-;-;-;-;2;-;-;-;-;-;-;-;-;-;-;-;-;-;-;-;-;-;-;-;-;-;-;-;-;-;-;-;-;-;-;-;-;-;-;-;-;-;-;1;-;-;-;1;-;-;-;-;-;-;-;-;-;-;-;-;-;-;-;-;-;-;-;-;-;-;-;-;-;-;-;-;-;-;-;-;-;-;-;-;-;-;1;3;3;3;4;-;-;-;-;-;-;-;-;-;30
"510380 Figueirópolis D'Oeste";-;-;-;-;-;-;1;-;-;-;-;-;-;-;-;-;-;-;-;-;-;-;1;-;-;-;1;-;-;-;-;-;-;-;-;-;-;1;-;1;-;-;-;-;-;-;-;-;-;-;-;-;-;-;2;1;-;-;-;-;-;-;-;1;-;-;-;-;-;-;-;-;-;-;-;-;-;-;-;-;-;-;-;-;-;-;-;-;-;-;-;-;-;-;-;-;-;-;-;-;-;-;-;-;-;-;-;-;-;-;-;-;-;-;-;-;-;-;-;-;-;-;-;-;-;-;-;-;-;-;-;-;-;-;-;-;-;-;-;-;-;-;-;-;-;-;-;-;-;-;-;-;-;-;-;-;-;-;-;-;-;9
"510385 Gaúcha do Norte";-;-;-;-;-;1;4;3;-;-;-;-;2;-;-;-;-;-;-;-;-;-;-;-;5;19;10;10;3;1;2;-;1;-;-;-;3;3;1;1;4;5;1;2;2;3;1;2;1;1;4;2;-;4;1;4;-;-;2;2;-;2;1;2;3;1;-;-;-;-;-;-;-;-;-;-;-;-;-;-;-;-;-;-;-;-;-;-;-;-;-;-;-;-;-;-;-;-;-;-;-;-;-;-;-;-;-;-;-;-;-;-;-;-;-;-;-;-;-;-;-;-;-;-;-;-;-;1;1;-;-;-;-;-;1;-;-;-;-;1;1;-;-;-;-;-;-;-;-;1;-;-;2;-;-;-;-;-;-;-;-;127
"510390 General Carneiro";-;-;-;-;-;-;1;-;-;-;-;-;-;-;-;-;1;-;1;1;-;-;-;-;1;3;8;8;5;1;1;1;-;-;-;1;-;4;19;8;4;2;-;-;-;-;-;-;-;-;-;-;-;-;-;-;-;-;-;-;-;-;-;-;-;-;2;-;-;1;-;-;-;-;-;-;-;7;-;1;-;-;-;-;-;-;1;-;-;1;-;-;-;-;-;-;-;-;6;2;5;1;-;-;-;-;-;-;-;-;-;-;-;-;-;-;-;-;-;-;-;-;-;-;-;-;-;-;-;-;-;-;-;-;-;-;1;1;-;-;4;-;-;-;-;-;-;-;-;-;-;-;-;-;-;-;-;-;-;-;-;103
"510395 Glória D'Oeste";-;-;-;-;-;-;-;-;-;-;-;-;-;-;-;-;-;-;-;-;-;-;-;-;-;-;1;1;1;-;-;-;-;-;-;-;-;-;-;-;-;-;-;-;-;-;-;-;-;-;-;-;-;-;-;-;-;-;-;-;1;-;-;-;-;-;-;-;-;-;-;-;-;-;-;-;-;-;-;-;-;-;-;-;-;-;-;-;-;-;-;-;-;-;-;-;-;-;-;-;-;-;-;-;-;-;-;-;-;-;-;-;-;-;2;-;-;-;-;-;-;-;-;-;-;-;-;-;-;-;-;-;-;-;-;-;-;-;-;-;-;-;-;-;-;-;-;-;-;-;-;-;-;-;-;-;-;-;-;-;-;6
"510410 Guarantã do Norte";-;-;-;-;-;-;-;-;-;-;-;-;-;-;-;-;3;4;-;1;-;1;-;1;-;1;3;2;3;1;-;1;-;-;-;-;-;1;-;-;-;2;1;-;-;-;-;-;1;-;-;1;-;-;-;-;-;-;-;-;-;-;1;5;1;1;-;-;1;-;-;-;-;-;-;-;-;-;-;-;-;-;-;-;-;-;-;-;-;-;-;-;-;-;-;-;-;-;2;8;3;-;1;-;-;-;-;-;-;-;-;-;1;-;-;-;-;-;-;-;-;-;-;-;-;-;-;-;-;-;-;-;-;-;-;-;-;-;-;1;-;-;-;-;-;-;-;-;1;2;1;1;1;-;-;-;-;-;-;-;-;58
"510450 Indiavaí";-;-;-;-;-;-;-;-;-;-;-;-;-;-;-;-;-;-;-;-;-;-;-;-;-;-;-;-;-;-;-;-;-;-;-;-;-;-;-;-;-;-;-;-;-;-;-;-;-;-;-;-;-;-;1;1;-;-;-;-;-;-;-;-;-;-;-;-;-;-;-;-;-;-;-;-;-;-;-;-;-;-;-;-;-;-;-;-;-;-;-;-;-;-;-;-;-;-;-;-;-;-;-;-;-;-;-;-;-;-;-;-;-;-;-;-;-;-;-;-;-;-;-;-;-;-;-;-;-;-;-;-;-;-;-;-;-;-;-;-;-;-;-;-;-;-;-;-;-;-;-;-;-;-;-;-;-;-;-;-;-;2
"510452 Ipiranga do Norte";-;-;-;-;-;-;-;-;-;-;-;-;-;-;-;-;-;-;-;-;-;-;-;-;-;-;1;2;1;-;-;-;-;-;-;-;-;-;-;-;-;-;-;-;-;-;-;-;-;-;-;-;-;-;-;-;-;-;-;-;-;-;-;-;-;-;-;-;-;-;-;-;-;-;-;-;-;-;-;-;-;-;-;1;-;-;-;-;-;-;-;-;-;-;-;-;-;-;-;-;-;-;-;-;-;-;1;-;-;-;-;-;-;-;-;-;-;-;-;-;-;-;-;-;-;-;-;-;-;-;-;-;-;-;-;-;-;-;-;-;-;-;-;-;-;-;-;-;2;2;-;-;-;-;-;-;-;-;-;-;-;10
"510454 Itanhangá";-;-;-;-;-;-;-;-;-;-;-;-;-;-;-;-;-;-;-;-;-;-;-;-;-;-;-;-;-;-;-;-;-;-;-;-;-;-;-;-;-;-;-;-;1;-;-;-;-;-;-;-;1;-;-;-;-;-;-;-;-;-;-;-;-;-;-;-;-;-;-;-;-;-;-;-;-;-;-;-;-;-;-;-;1;-;-;-;-;-;-;-;-;-;-;-;-;-;-;-;-;-;-;-;-;-;-;-;-;-;-;-;-;-;-;-;-;-;-;-;-;-;-;-;-;-;-;1;-;-;-;-;-;-;-;-;-;-;-;-;-;-;-;-;-;-;-;-;2;1;4;4;-;-;-;-;-;-;-;-;-;15
"510455 Itaúba";-;-;-;-;2;2;6;5;11;8;3;1;-;1;-;-;-;-;-;2;5;23;7;8;8;18;4;-;9;2;4;-;-;-;-;-;-;-;3;4;3;-;1;-;-;-;-;-;-;1;2;1;3;2;4;1;2;-;2;-;1;4;5;7;2;3;7;4;-;1;-;-;-;-;-;-;-;-;-;-;-;-;-;-;-;-;-;-;-;-;-;-;-;-;-;-;-;-;-;-;-;-;-;-;-;-;-;-;-;-;-;-;-;-;-;-;-;-;-;-;-;-;-;-;-;-;-;-;-;-;-;-;-;-;-;-;-;-;-;-;-;-;-;-;-;-;-;-;1;-;-;-;-;-;-;-;-;-;-;-;-;193
"510460 Itiquira";-;-;-;-;-;-;-;-;-;-;-;-;-;-;-;-;-;-;-;-;-;-;-;-;-;1;-;18;19;34;4;1;-;-;-;-;-;-;-;-;-;-;-;-;-;1;-;-;-;-;-;-;-;-;-;-;-;-;-;-;-;-;-;-;1;-;1;-;-;-;-;-;-;-;-;-;-;-;-;-;-;-;-;-;-;-;-;-;-;-;-;-;-;-;-;-;-;-;4;-;4;1;-;2;-;-;-;-;-;-;-;-;-;-;-;-;-;-;-;-;-;-;-;-;-;-;-;-;-;-;-;1;-;-;-;2;-;1;15;12;3;2;1;1;-;-;7;8;11;3;6;2;2;-;-;-;-;1;-;1;-;170
"510480 Jaciara";-;-;-;-;-;1;-;-;-;-;-;-;-;-;-;1;-;4;4;14;3;1;3;-;7;7;19;19;5;8;9;4;1;2;-;-;1;-;1;-;-;-;-;-;-;-;-;-;-;-;-;3;1;4;4;2;2;3;-;-;-;-;-;-;1;1;1;3;-;-;1;-;-;-;-;-;1;-;-;-;-;1;-;-;-;-;-;-;-;1;-;2;1;1;-;-;-;-;-;-;1;-;-;-;-;-;-;-;-;1;-;1;-;-;1;-;-;-;-;-;-;-;1;-;-;-;-;-;-;-;-;-;-;-;-;-;1;-;-;-;2;-;-;-;-;-;-;2;1;1;1;-;1;-;-;-;-;-;-;1;-;162
"510490 Jangada";-;-;-;-;-;-;-;-;-;-;-;-;-;-;-;-;-;-;1;-;-;-;-;-;-;-;-;-;1;-;-;-;-;-;-;-;-;-;-;-;-;-;-;2;-;-;-;-;-;-;-;-;-;-;-;-;1;-;-;-;-;-;-;-;-;1;1;-;-;-;-;-;-;-;-;-;-;-;-;-;-;-;-;-;-;-;-;-;-;-;-;-;-;-;-;-;-;-;-;-;-;-;-;-;-;-;-;-;-;-;-;-;-;-;-;-;-;-;-;-;-;-;-;-;-;-;-;-;-;-;-;-;-;-;1;-;-;-;-;-;-;-;-;-;-;-;-;-;-;-;-;-;-;-;-;-;-;-;-;-;-;8
"510500 Jauru";-;-;-;-;2;1;5;5;2;-;-;3;-;4;1;-;-;1;13;1;3;3;9;7;2;3;33;43;11;5;1;1;8;6;2;1;1;4;24;27;1;2;6;5;2;3;2;3;2;3;2;-;1;11;12;5;1;2;8;3;4;4;2;9;1;20;17;4;-;-;-;-;-;-;-;-;-;-;1;-;-;-;-;-;-;-;-;-;-;-;-;-;-;-;-;-;-;-;-;-;-;-;-;-;-;-;-;-;-;-;-;-;-;-;-;-;-;-;-;-;-;-;-;-;-;-;-;-;-;-;-;-;-;-;-;-;-;-;-;-;-;-;-;-;-;-;-;3;3;1;1;-;-;-;-;-;2;-;-;-;-;378
"510510 Juara";-;-;-;1;-;2;1;-;-;-;-;-;-;-;-;-;-;-;-;-;-;-;-;-;-;-;1;14;15;14;6;1;1;-;-;-;-;1;-;1;2;-;1;3;4;-;-;1;8;10;21;24;11;6;6;-;1;-;-;-;-;-;1;1;2;2;-;2;-;-;1;-;-;-;-;-;-;1;-;-;-;-;-;-;-;-;-;-;-;-;-;-;-;-;-;1;-;-;-;-;3;1;1;-;-;-;-;-;2;3;1;-;1;-;-;1;-;-;-;-;-;-;-;-;-;-;-;-;-;-;-;-;-;-;-;-;-;-;-;-;-;-;-;1;1;-;-;3;4;2;1;2;2;1;-;1;-;-;1;-;-;199
"510515 Juína";-;-;-;-;2;4;3;8;11;-;-;-;-;-;-;3;4;4;16;16;2;1;1;-;6;5;15;41;22;18;6;1;2;-;-;-;-;1;3;4;3;4;-;2;1;-;1;-;1;4;1;4;10;5;7;-;1;4;-;-;-;2;2;2;5;2;1;1;-;-;-;-;-;1;-;1;-;-;2;-;-;1;-;-;-;2;1;2;-;2;2;-;-;-;-;-;-;-;2;9;2;3;2;-;-;-;1;-;2;5;2;2;1;1;-;3;-;1;1;1;1;-;-;-;3;-;-;1;-;1;-;-;-;-;-;-;1;1;1;-;-;-;-;-;-;1;-;4;1;1;-;2;1;-;-;-;-;1;-;2;3;339
"510517 Juruena";-;-;-;-;-;-;-;-;-;-;-;-;-;-;-;1;3;-;-;-;-;-;1;-;4;5;5;4;9;16;2;4;7;-;-;-;-;-;-;3;-;-;-;-;-;-;-;-;-;1;1;-;2;4;1;-;-;-;-;-;-;-;-;-;1;1;1;-;-;-;-;-;-;-;-;-;-;-;-;-;-;-;-;-;-;-;-;-;-;-;-;-;-;-;-;-;-;-;2;8;3;1;-;-;-;-;-;-;-;-;-;-;-;-;-;-;-;-;-;-;-;-;-;-;-;-;-;-;-;-;-;-;-;-;-;-;-;-;-;-;-;-;-;-;-;-;-;1;-;-;-;-;-;-;1;-;-;-;-;-;-;92
"510520 Juscimeira";-;-;-;-;-;-;3;1;1;-;-;-;-;-;-;-;1;1;2;5;13;10;7;10;6;7;12;19;7;6;5;1;-;2;2;1;-;3;1;4;3;1;-;-;-;-;-;-;3;1;-;2;3;7;11;6;6;2;4;-;-;2;2;9;3;6;7;3;1;1;2;-;-;-;-;-;-;-;-;-;-;-;-;-;-;-;-;-;-;-;-;-;-;-;1;1;1;-;2;-;1;-;2;-;-;-;-;-;-;-;1;-;4;15;6;9;14;13;6;5;2;-;-;-;2;-;-;-;-;-;1;-;-;-;-;-;1;-;-;-;-;-;-;-;-;-;-;-;3;5;6;2;-;-;-;-;-;-;-;1;1;320
"510523 Lambari D'Oeste";-;-;-;-;-;-;-;-;-;-;-;-;-;-;-;-;-;-;1;-;-;-;-;-;-;-;-;-;1;1;-;-;-;-;-;-;-;-;-;-;-;-;-;-;-;-;-;-;-;-;-;-;-;-;-;-;-;-;-;-;-;-;-;-;-;-;1;-;-;-;-;-;-;-;-;-;-;-;-;-;-;-;-;-;-;-;-;-;-;-;-;-;-;-;-;-;-;-;-;-;-;-;-;-;-;-;-;-;-;-;-;-;-;-;-;-;-;-;-;-;-;-;-;-;-;-;-;-;-;-;-;-;-;-;-;-;-;-;-;-;-;-;-;-;-;-;-;-;-;-;-;-;-;-;-;-;-;-;-;-;-;4
"510525 Lucas do Rio Verde";-;-;-;2;5;11;8;3;5;-;-;-;-;-;-;1;4;15;8;16;8;2;-;-;3;14;22;22;22;5;7;5;-;-;1;2;-;-;-;1;-;-;-;1;-;1;-;1;-;1;-;1;2;3;3;-;1;-;1;-;1;3;2;5;3;1;-;-;-;-;-;-;-;-;-;-;-;-;-;-;-;-;-;-;1;1;-;3;2;1;2;1;2;4;4;1;-;-;-;2;-;4;2;1;-;-;-;-;-;-;-;-;1;-;-;-;-;-;-;-;-;-;-;-;-;-;-;-;-;-;-;-;-;-;-;-;-;-;3;5;2;1;1;-;-;-;5;7;5;3;1;6;1;2;1;-;-;-;-;-;-;297
"510530 Luciara";-;-;-;-;-;-;-;-;-;-;-;-;-;-;-;-;-;-;-;-;-;-;-;-;-;-;1;-;-;-;-;-;-;-;-;-;-;-;1;-;1;-;-;-;-;-;-;-;-;-;-;-;-;-;-;-;-;-;-;-;-;-;-;-;1;-;1;-;-;-;-;-;-;-;-;-;-;-;-;-;-;-;-;-;-;-;-;-;-;-;-;-;-;-;-;-;-;-;-;-;-;-;-;-;-;-;-;-;-;-;-;-;-;-;-;-;-;-;-;-;-;-;-;-;-;-;-;-;-;-;-;-;-;-;-;-;-;-;-;-;-;-;-;-;-;-;-;-;-;-;-;-;-;-;-;-;-;-;-;-;-;5
"510558 Marcelândia";-;-;-;6;30;16;16;7;5;-;-;-;2;-;-;1;-;-;2;-;2;1;-;-;3;3;8;25;27;14;6;10;3;6;1;-;-;4;4;3;3;4;4;-;-;-;1;-;1;-;-;-;2;2;3;3;5;4;-;-;1;1;3;7;6;2;3;3;1;1;-;-;1;2;-;1;1;-;-;2;-;-;-;-;-;-;-;-;-;-;-;-;-;-;-;-;-;2;-;-;1;-;-;-;1;-;-;-;-;-;-;1;-;-;-;-;-;-;-;-;-;-;-;-;-;-;-;-;-;-;-;-;-;1;-;-;-;-;-;-;-;-;-;-;-;-;-;-;1;2;-;1;1;-;-;-;-;-;-;-;-;283
"510560 Matupá";-;-;-;-;2;1;1;-;-;-;-;-;-;-;-;-;-;-;-;1;1;-;-;-;2;1;4;2;-;-;-;-;-;-;-;-;-;-;-;-;-;-;-;-;-;-;-;-;-;-;-;-;-;-;-;-;-;1;-;-;-;-;-;-;-;-;-;-;-;-;-;-;1;-;-;-;-;-;-;-;-;-;-;-;-;-;2;-;-;-;1;-;6;-;-;-;-;1;1;1;1;-;-;-;-;-;-;-;-;-;-;-;-;-;-;-;-;-;-;-;-;-;-;-;-;-;-;-;-;-;-;-;-;-;-;-;-;-;-;-;-;-;-;-;-;-;-;1;7;1;3;-;-;1;-;-;-;-;-;1;-;44
"510562 Mirassol d'Oeste";-;-;-;-;-;-;-;-;-;-;-;-;-;-;-;-;-;-;2;-;-;-;-;1;2;12;7;14;14;7;2;-;-;-;-;1;1;2;-;-;-;1;-;-;-;-;-;-;-;-;-;-;-;-;-;-;-;-;-;-;-;-;1;6;10;5;-;-;-;-;-;-;-;-;-;-;-;-;-;-;-;-;-;-;-;-;-;-;-;-;-;-;-;-;-;-;-;-;-;-;-;-;-;-;-;-;-;-;-;-;-;-;-;-;-;-;-;-;-;-;-;-;-;-;-;-;-;-;1;-;1;-;-;-;-;-;-;-;-;-;-;1;-;-;-;-;-;1;-;-;-;1;-;-;-;-;-;-;-;-;-;93
"510590 Nobres";-;-;-;1;1;-;1;-;-;-;-;-;-;-;-;-;-;1;4;9;1;3;3;-;-;12;18;8;9;13;1;4;-;1;-;-;1;-;2;1;-;-;-;-;-;-;-;-;-;-;1;1;5;11;6;3;1;-;-;1;1;2;-;2;4;4;5;-;1;-;-;-;-;-;-;-;-;-;-;-;-;-;-;-;-;-;1;-;-;-;-;-;-;-;-;-;-;-;-;-;-;-;-;-;-;-;-;-;-;-;1;-;-;-;-;-;-;-;-;-;-;-;-;-;-;-;-;-;-;-;-;-;-;-;-;-;-;-;-;3;1;-;-;-;-;-;-;4;1;1;-;1;-;-;-;-;-;-;-;-;-;155
"510600 Nortelândia";-;-;-;-;-;-;1;-;-;-;-;-;-;-;-;-;-;-;16;18;2;-;10;20;-;1;1;2;4;3;5;5;-;-;-;-;-;2;2;2;-;-;-;1;-;-;-;-;-;-;-;1;2;4;1;5;3;1;1;-;1;1;-;3;-;1;-;-;-;-;-;-;-;-;-;-;1;1;-;-;-;-;-;-;1;1;-;-;-;-;-;-;-;-;-;-;-;-;-;-;-;-;1;-;-;-;-;-;-;-;-;-;-;-;-;-;-;-;-;-;-;-;-;-;1;-;-;-;1;-;-;-;-;-;-;1;-;-;1;1;-;-;-;-;-;-;-;1;-;-;-;-;-;-;-;-;-;-;-;-;-;130
"510610 Nossa Senhora do Livramento";-;-;-;1;2;-;1;-;-;-;-;-;-;-;-;-;-;3;15;3;7;1;-;-;2;8;38;19;4;10;11;-;1;1;-;1;-;2;14;4;2;1;3;-;-;-;-;-;-;-;2;1;6;7;9;-;-;-;-;-;1;1;-;1;2;4;2;-;-;-;-;-;-;-;-;-;3;1;-;-;-;-;-;-;-;-;-;-;-;1;-;-;-;-;-;-;-;-;1;-;-;-;-;-;-;-;-;-;-;-;-;-;-;-;-;-;-;-;-;-;-;-;-;3;-;-;-;-;-;-;-;-;-;-;-;-;-;-;1;-;-;-;-;-;-;-;-;1;1;-;-;1;-;-;-;-;-;1;-;-;-;204
"510615 Nova Bandeirantes";-;-;-;-;-;-;-;-;-;-;-;-;-;-;-;-;-;-;1;-;-;-;-;-;-;-;-;3;-;-;-;-;-;-;-;-;-;-;-;-;1;-;-;-;-;-;-;-;-;-;-;-;-;-;-;-;-;-;-;-;-;-;-;-;-;-;-;-;1;1;-;-;-;-;1;-;-;-;-;-;-;-;-;-;-;-;1;-;-;-;-;1;-;-;-;-;-;1;-;-;-;-;-;-;-;-;-;-;-;-;-;-;-;-;-;-;-;-;-;-;-;-;-;-;-;-;-;-;-;1;-;-;-;-;-;-;-;-;-;-;-;-;-;-;-;-;-;-;-;-;1;-;1;-;-;-;-;-;-;-;-;14
"510620 Nova Brasilândia";-;-;-;-;-;-;-;-;-;-;-;-;-;-;-;-;-;-;1;-;-;-;-;-;-;23;77;54;14;-;-;-;-;-;-;-;-;-;-;-;-;-;-;-;-;-;-;-;-;-;-;1;-;-;-;-;-;-;-;-;-;-;-;-;-;-;-;-;-;-;-;-;-;-;-;-;-;-;-;-;-;-;-;-;-;-;-;-;-;-;-;-;-;-;-;-;-;-;-;-;-;-;-;-;-;-;-;-;-;-;-;-;-;-;-;-;-;-;-;-;-;-;-;-;-;-;-;-;-;-;-;-;-;-;-;-;-;-;-;-;-;-;-;-;-;-;-;-;-;-;-;-;-;-;-;-;-;-;-;-;-;170
"510621 Nova Canaã do Norte";-;-;-;-;-;-;-;-;-;-;-;-;-;-;-;-;-;-;-;-;-;-;-;-;-;-;1;-;-;1;-;-;-;-;-;-;-;-;-;-;-;-;-;-;-;-;-;-;-;-;-;-;-;-;-;-;-;-;-;-;-;-;-;-;1;-;1;-;1;1;-;-;-;-;-;-;1;1;-;-;-;-;-;-;-;-;-;-;-;-;-;1;-;-;1;-;-;-;-;-;-;-;-;1;-;-;-;-;-;-;-;1;-;-;-;-;-;-;-;-;-;-;-;-;-;-;-;-;-;-;-;-;-;-;-;-;-;-;-;-;-;-;-;-;-;-;-;-;1;-;-;-;1;-;-;-;-;-;-;4;6;24
"510880 Nova Guarita";-;-;-;1;-;-;-;-;-;-;-;-;-;-;-;-;-;-;-;-;-;-;-;-;-;-;-;-;-;-;-;-;-;-;-;-;-;1;-;-;-;-;-;-;-;-;-;-;-;-;-;-;-;-;-;-;-;-;-;-;-;-;-;-;-;-;-;-;1;-;1;-;-;-;-;-;-;-;-;-;-;-;-;-;-;-;-;-;-;-;-;-;-;-;-;-;-;-;-;-;1;-;1;-;-;-;-;-;-;-;-;-;-;-;-;-;-;-;-;-;-;-;-;-;-;-;-;-;-;-;-;-;-;-;-;-;-;-;-;-;-;-;1;-;-;-;-;2;-;-;-;-;-;-;-;-;-;-;-;-;-;9
"510618 Nova Lacerda";-;-;-;-;-;-;-;-;-;-;-;-;1;-;-;-;-;-;-;-;1;-;-;-;-;-;-;-;-;-;-;-;-;-;-;-;-;-;-;-;-;-;-;-;-;-;-;-;-;-;-;-;-;-;-;-;-;-;1;-;-;1;-;2;-;-;-;-;1;-;-;-;-;-;-;-;-;1;-;-;-;-;-;-;-;-;-;-;-;-;-;-;-;-;-;-;-;-;-;1;-;-;-;-;-;-;-;-;-;-;-;-;-;-;-;-;-;-;-;-;-;-;-;-;-;-;-;-;-;-;-;-;-;-;-;-;-;-;-;-;-;-;-;-;-;-;-;-;-;-;-;-;-;-;-;-;-;-;-;-;-;9
"510885 Nova Marilândia";-;-;-;-;-;-;-;-;-;-;-;-;-;-;-;1;-;-;-;-;2;-;-;-;-;-;-;-;-;-;-;1;-;-;-;-;-;-;-;-;-;-;-;-;-;-;-;-;-;-;-;-;-;-;-;-;-;-;-;-;-;-;-;-;-;-;-;-;-;-;-;-;-;-;-;-;-;-;-;-;-;-;-;-;-;-;-;-;-;-;-;-;-;-;-;-;-;-;-;-;-;-;-;-;-;-;-;-;-;-;-;-;-;-;-;-;-;-;-;-;-;-;-;-;-;-;-;-;-;-;-;-;-;-;-;-;-;-;-;-;-;-;-;-;-;-;-;-;-;-;-;-;-;-;-;-;-;-;-;-;-;4
"510890 Nova Maringá";-;-;-;-;-;-;-;-;-;-;-;-;-;-;-;-;-;-;2;-;-;-;1;-;-;1;-;-;-;-;-;1;-;-;-;-;-;-;-;-;-;-;-;-;-;-;-;-;-;-;-;-;-;-;-;1;-;-;-;-;-;-;-;-;-;-;-;-;-;-;-;-;-;-;-;-;-;-;-;-;-;-;-;-;-;-;-;-;-;-;-;-;-;-;-;-;-;-;-;-;-;-;-;-;-;-;-;-;-;-;-;-;-;-;-;-;-;-;-;-;-;-;-;-;-;-;-;-;-;-;-;-;-;-;-;-;-;-;-;-;-;-;-;-;-;-;-;1;2;-;2;-;-;-;-;-;-;-;-;-;-;11
"510895 Nova Monte Verde";-;-;-;-;-;-;-;-;-;-;-;-;-;-;-;-;-;-;-;-;-;-;-;-;-;-;-;-;-;-;-;-;-;-;-;-;-;-;-;-;1;-;-;-;-;-;-;-;-;-;-;-;-;-;-;-;-;-;-;-;-;-;-;1;1;-;-;-;-;-;1;-;-;-;-;-;-;-;-;-;-;-;-;-;-;-;-;-;-;-;-;1;-;-;-;-;-;-;1;-;-;-;-;-;-;-;-;-;-;-;-;-;-;-;-;-;-;-;-;-;-;-;-;-;-;-;-;-;-;-;-;-;-;-;-;-;-;-;-;-;-;1;-;-;-;-;1;-;-;-;1;-;-;-;-;-;-;-;-;-;-;9
"510622 Nova Mutum";-;-;-;-;-;-;-;-;-;-;-;-;-;-;2;-;2;12;35;26;28;4;1;-;-;1;4;3;2;3;4;2;-;-;-;-;-;1;1;1;-;-;-;-;-;-;-;-;-;-;-;-;-;-;-;-;-;1;-;-;-;1;-;-;3;6;4;3;1;-;-;-;-;-;-;-;-;-;-;-;-;-;1;-;-;1;2;-;-;-;-;-;-;1;-;-;-;-;1;3;1;3;-;-;-;-;-;-;-;-;-;-;-;-;1;-;-;-;-;-;-;-;-;-;-;-;-;-;-;-;-;-;-;-;-;-;-;-;-;-;1;2;-;-;-;-;-;2;4;1;5;8;1;1;1;1;-;-;1;1;1;195
"510617 Nova Nazaré";-;-;-;-;-;-;-;-;-;-;-;-;-;-;-;-;-;-;-;-;-;-;-;-;-;-;1;-;-;-;-;-;-;-;-;-;-;-;-;-;-;-;-;-;-;-;-;-;-;-;-;-;-;-;-;-;-;-;-;-;2;2;-;-;1;-;-;-;-;-;-;-;-;-;-;-;-;-;-;-;-;-;-;-;-;-;-;-;-;-;-;1;-;-;-;-;-;-;-;-;-;-;-;-;-;-;-;-;-;-;-;-;-;-;-;-;-;-;-;-;-;-;-;-;-;-;-;-;-;-;-;-;-;-;-;-;-;-;-;-;1;-;-;-;-;-;-;-;-;-;-;-;-;-;-;-;-;-;-;-;-;8
"510623 Nova Olímpia";-;-;-;-;-;-;-;-;-;-;-;-;-;-;-;1;-;3;5;6;-;1;-;-;5;5;2;3;-;3;2;-;-;-;-;-;-;-;-;-;-;-;-;-;-;-;-;-;-;-;-;-;-;2;3;5;1;1;-;-;1;-;1;2;2;5;9;-;2;-;-;-;-;1;-;1;-;-;1;-;1;-;2;-;-;-;-;-;-;-;3;1;2;1;-;-;-;-;1;-;3;1;2;-;2;-;-;1;1;-;-;-;1;1;1;-;-;-;-;-;-;-;-;-;2;5;-;1;1;-;-;-;-;-;2;2;3;11;13;4;1;-;1;1;-;-;-;2;-;2;-;-;1;-;-;-;-;-;-;-;-;149
"510619 Nova Santa Helena";-;-;-;-;-;-;-;-;-;-;-;-;-;-;-;-;-;-;-;-;-;-;-;-;-;-;-;-;-;-;-;-;-;-;-;-;-;-;-;-;-;-;-;-;-;-;-;-;-;-;-;-;-;-;2;-;-;-;-;-;-;-;-;-;-;1;-;-;-;-;-;-;-;-;-;-;-;-;-;-;-;-;-;-;-;-;-;-;-;-;-;-;-;-;1;-;-;-;1;-;1;-;-;1;-;-;-;-;-;-;-;-;-;-;-;-;-;-;-;-;-;-;-;-;-;-;-;-;-;-;-;-;1;-;-;-;-;-;-;-;-;-;-;-;-;-;-;-;-;-;-;1;-;-;-;-;-;-;-;-;-;9
"510624 Nova Ubiratã";-;-;-;-;-;-;-;-;-;-;-;-;-;-;-;-;-;-;-;-;-;-;-;-;-;3;2;-;1;-;-;-;-;-;2;-;-;-;-;-;-;-;-;-;-;-;-;-;-;-;-;-;-;-;-;-;-;-;-;-;-;-;-;-;-;-;-;-;1;-;-;2;-;1;-;-;-;-;-;-;-;-;-;-;-;-;-;-;-;-;-;1;-;-;-;-;-;-;-;-;-;-;-;-;-;-;-;1;-;-;-;-;-;-;-;-;-;-;-;-;-;-;-;-;-;-;-;-;-;-;-;-;-;-;-;-;-;-;-;-;-;-;-;-;-;-;-;-;-;-;2;-;2;-;-;-;-;-;-;-;-;18
"510625 Nova Xavantina";-;-;-;2;-;2;2;-;-;-;-;-;-;-;-;-;-;1;-;-;-;-;-;-;-;-;-;1;2;9;1;-;1;-;-;-;-;1;-;-;-;1;-;-;-;-;-;-;-;2;2;-;2;3;-;-;-;-;-;-;-;-;-;-;2;-;-;-;-;-;-;-;-;-;-;-;-;-;1;-;-;-;-;-;1;-;-;-;-;-;2;2;-;-;-;-;-;-;2;5;8;1;-;-;-;-;-;-;-;-;-;2;-;-;1;-;-;-;-;-;-;-;-;-;-;-;-;-;1;-;-;-;-;-;-;1;1;1;1;5;1;1;-;-;1;-;-;-;2;3;-;1;-;1;-;-;-;-;-;-;-;79
"510627 Novo Horizonte do Norte";-;-;-;-;-;-;-;-;-;-;-;-;-;-;-;-;-;-;-;-;-;-;-;-;-;-;-;-;1;-;1;-;-;-;-;-;-;-;-;-;-;-;-;-;-;-;-;-;-;-;-;3;2;3;2;1;1;-;-;-;-;-;-;-;1;-;-;-;-;-;-;-;-;-;-;-;-;-;-;-;-;-;-;-;-;-;-;1;-;1;2;1;-;-;-;-;-;1;1;-;3;-;-;-;-;-;-;-;1;-;-;-;-;-;-;-;-;-;-;-;-;-;-;-;-;-;-;-;-;-;-;-;-;-;-;-;-;-;-;-;-;-;-;-;-;-;-;1;-;1;2;-;2;1;-;-;-;-;-;-;-;33
"510626 Novo Mundo";-;-;-;-;-;-;-;-;-;-;-;-;-;-;-;-;-;-;-;-;-;-;-;-;-;-;-;-;-;-;-;-;-;-;-;-;-;-;-;-;-;-;-;-;-;-;-;-;-;-;-;-;-;-;-;-;-;-;1;-;-;-;-;-;-;-;-;-;-;-;1;-;-;-;-;-;-;-;-;-;-;-;-;-;-;-;-;-;-;-;2;-;-;-;-;-;-;-;-;-;-;-;-;-;-;-;-;-;-;-;-;-;-;-;-;-;1;-;-;-;-;-;-;-;-;-;-;-;-;-;-;-;-;-;-;-;1;-;-;-;-;-;-;-;-;-;-;-;4;9;1;1;-;-;-;-;-;-;-;-;-;21
"510631 Novo Santo Antônio";-;-;-;-;-;-;-;-;-;-;-;-;-;-;-;-;-;-;-;-;-;-;-;-;-;-;1;-;-;1;1;-;-;-;-;-;1;-;-;-;-;-;-;-;-;-;-;-;-;-;-;-;-;-;-;-;-;-;-;-;-;-;-;-;-;-;-;-;-;-;-;-;-;-;-;-;-;-;-;-;-;-;-;-;-;-;-;-;-;-;-;-;-;-;-;-;-;-;-;-;-;-;-;-;-;-;-;-;-;-;-;-;-;-;-;-;-;-;-;-;-;-;-;-;-;-;-;-;-;-;-;-;-;-;-;-;-;-;-;-;-;-;-;-;-;-;-;-;-;-;-;-;-;-;-;-;-;-;-;-;-;4
"510628 Novo São Joaquim";-;-;-;-;1;1;2;-;-;-;-;-;-;-;-;-;-;1;5;11;3;2;2;12;16;27;21;-;-;-;-;-;-;-;-;-;-;-;-;1;1;-;-;-;-;-;-;-;-;-;-;-;-;-;-;-;-;-;-;-;1;4;1;-;-;1;-;-;-;-;-;-;-;-;-;-;-;1;-;-;-;-;-;-;-;-;-;-;1;-;-;-;2;-;-;-;-;1;-;1;-;-;-;-;-;-;-;-;-;-;1;-;-;-;-;-;-;-;-;-;-;-;-;-;-;-;-;-;-;-;-;-;-;-;-;-;-;-;-;-;-;-;1;-;1;-;-;1;6;1;-;-;-;1;-;-;1;-;-;-;-;132
"510629 Paranaíta";-;-;-;-;-;-;1;-;-;-;-;-;-;-;-;-;-;-;-;-;-;-;-;-;-;-;-;3;2;1;6;10;3;-;-;-;-;-;-;-;-;-;-;-;-;-;-;-;-;-;-;-;1;1;2;1;-;-;-;-;7;10;27;21;10;5;4;7;4;1;8;1;3;7;6;1;2;-;6;3;4;2;-;-;1;5;1;6;1;4;9;4;-;-;-;-;-;-;3;-;1;-;1;1;-;-;-;-;-;-;-;1;-;-;-;-;1;-;4;-;-;2;-;2;3;-;-;-;-;1;-;-;-;1;-;-;-;-;-;-;-;-;-;1;1;1;-;1;-;1;-;-;2;-;1;-;-;-;-;-;-;230
"510630 Paranatinga";-;-;-;-;1;1;-;-;-;-;-;-;-;-;-;-;7;6;13;2;-;4;2;1;2;15;1;4;4;2;-;-;-;-;-;-;-;-;-;5;1;1;-;-;-;-;1;2;1;3;8;2;4;6;7;7;8;11;23;2;12;8;8;6;4;9;-;-;1;2;-;-;2;2;1;-;-;1;-;-;-;-;-;-;-;-;-;-;1;2;5;6;4;2;1;1;-;1;-;2;-;1;-;-;-;-;-;2;1;1;-;-;-;-;-;-;1;-;-;1;-;1;1;2;-;2;1;4;-;-;1;1;-;-;2;-;4;-;-;1;1;1;1;2;-;-;-;-;2;1;-;2;1;1;-;1;-;-;1;-;-;279
"510637 Pedra Preta";-;-;-;-;-;-;-;-;-;-;-;-;-;-;-;-;-;-;-;-;-;-;-;4;-;15;12;4;1;3;2;-;-;-;-;-;-;-;-;5;-;-;-;-;-;-;-;1;-;-;-;-;-;-;1;1;-;-;-;-;-;1;1;-;-;1;-;-;-;-;-;-;-;-;-;-;1;-;-;-;-;-;-;-;-;-;-;-;1;-;-;3;1;-;-;1;-;-;-;-;-;-;-;-;-;-;-;-;-;-;-;1;-;-;-;-;-;-;-;-;-;-;-;-;-;1;-;-;-;-;-;-;-;-;-;-;-;-;-;-;-;-;-;-;-;-;1;2;3;1;-;-;-;-;-;-;-;-;-;-;-;68
"510642 Peixoto de Azevedo";-;-;-;2;-;1;-;-;-;-;-;-;-;-;-;-;-;-;-;2;-;-;-;-;-;-;4;1;-;1;-;1;1;-;-;-;-;-;1;-;-;-;-;-;-;-;-;-;1;-;1;1;-;-;-;-;-;2;-;-;-;1;-;-;-;1;-;1;-;-;1;-;-;-;-;-;-;-;-;-;-;-;-;-;-;-;1;-;-;-;-;1;1;-;-;-;-;-;3;5;4;3;-;1;1;-;-;-;-;-;-;-;-;-;1;1;-;1;-;-;-;-;-;-;-;-;-;-;-;-;-;-;-;-;-;-;-;-;-;-;-;-;-;-;-;-;1;-;3;5;3;3;1;1;-;-;-;-;-;1;-;64
"510645 Planalto da Serra";-;-;-;-;-;-;-;-;-;-;-;-;-;-;-;-;-;-;-;-;-;-;-;-;-;-;-;-;-;-;-;-;-;-;-;-;-;-;-;-;-;-;-;-;-;-;-;-;-;-;-;1;-;-;-;-;-;-;-;-;-;-;-;-;-;-;-;-;-;-;-;-;-;-;-;-;-;-;-;-;-;-;-;-;-;-;-;-;-;-;-;-;-;-;-;-;-;-;-;-;-;-;-;-;-;-;-;-;-;-;-;-;-;-;-;-;-;-;-;-;-;-;-;-;-;-;-;-;-;-;-;-;-;-;-;-;1;1;-;-;-;-;-;-;-;-;-;-;-;1;-;1;-;-;-;-;-;-;-;-;-;5
"510650 Poconé";-;-;-;-;-;-;-;-;-;-;-;-;-;-;-;-;4;15;20;9;1;-;-;-;1;1;2;7;6;2;-;-;1;2;-;-;-;1;1;2;1;2;2;1;-;1;-;-;-;-;1;3;32;74;35;9;1;-;1;-;-;-;-;1;-;6;5;3;2;2;-;-;-;-;-;1;1;4;1;1;1;-;-;-;-;-;2;1;-;3;3;5;2;1;2;1;1;2;8;-;1;1;1;-;1;-;-;-;-;-;-;-;-;-;1;-;-;-;-;-;-;-;1;13;4;-;-;-;-;-;-;-;-;-;-;-;-;-;-;-;-;-;-;-;-;-;-;1;6;11;4;-;1;1;1;1;-;-;-;-;-;346
"510665 Pontal do Araguaia";-;-;-;-;-;-;-;-;-;-;-;-;-;-;-;-;-;-;-;-;-;-;-;-;-;-;2;1;-;-;-;-;-;-;-;-;-;-;-;-;-;-;-;1;-;-;-;-;-;-;-;-;-;-;-;-;-;-;-;-;-;-;-;-;-;-;-;-;-;-;-;-;-;-;-;-;-;-;-;-;-;-;-;-;-;-;-;-;-;-;-;1;-;-;-;-;-;-;-;-;-;-;-;-;-;1;-;-;-;-;-;-;-;-;-;-;-;-;-;-;-;-;-;-;-;-;-;-;-;-;-;-;-;-;-;-;-;-;-;1;1;-;-;-;-;-;-;-;-;-;-;-;-;-;-;-;-;-;-;-;-;8
"510670 Ponte Branca";-;-;-;-;-;-;-;-;-;-;-;-;-;-;-;-;-;-;-;-;-;-;-;-;-;-;-;-;1;-;-;-;-;-;-;-;-;-;-;-;-;-;-;-;-;-;-;-;-;-;-;-;-;-;-;-;-;-;-;-;-;-;1;-;-;-;-;-;-;-;-;-;1;-;1;-;-;-;-;1;-;-;-;-;-;1;1;-;-;-;-;-;-;-;-;-;-;-;-;-;2;1;-;-;-;-;-;-;-;-;-;-;-;-;-;-;-;-;-;-;-;-;-;-;-;-;-;-;-;-;-;-;-;-;-;-;-;2;-;-;-;-;-;-;-;-;-;-;-;-;-;-;-;-;-;-;-;-;-;-;-;12
"510675 Pontes e Lacerda";2;3;2;24;17;8;15;13;2;2;-;3;2;1;3;3;2;19;13;28;23;11;2;1;2;1;7;40;51;75;29;11;13;5;1;-;1;1;31;35;19;17;24;14;7;2;2;7;8;5;16;19;26;15;13;29;16;14;4;11;16;17;29;70;82;17;12;9;5;10;1;3;3;6;7;16;17;8;7;9;5;5;3;2;3;3;8;2;11;9;7;6;2;2;-;1;1;-;4;3;5;3;3;-;1;-;2;-;1;3;1;2;2;-;-;1;2;-;-;-;-;-;-;5;2;1;-;1;1;1;1;-;-;1;2;-;4;-;1;4;3;1;-;-;-;1;-;6;10;2;8;2;4;-;-;-;-;2;-;1;-;1281
"510677 Porto Alegre do Norte";-;-;-;-;-;3;-;-;1;-;-;-;-;-;1;-;-;2;-;-;-;-;-;-;-;-;-;-;-;-;-;-;-;-;-;-;-;-;-;-;-;-;-;-;-;-;-;-;-;-;-;-;-;-;-;-;-;-;-;-;-;-;1;-;1;-;3;-;-;-;-;-;-;-;-;-;-;1;-;-;-;-;-;-;-;-;-;-;-;-;-;-;-;-;-;-;-;-;-;-;-;-;-;-;-;-;-;-;-;-;-;-;-;-;-;-;-;-;-;-;-;-;-;-;-;-;-;-;-;-;-;-;-;-;-;-;-;-;-;1;-;-;-;-;-;-;-;-;-;1;-;-;-;-;-;-;-;-;-;-;1;16
"510680 Porto dos Gaúchos";-;-;-;-;-;-;-;-;-;-;-;-;-;-;-;-;-;-;-;-;-;-;1;-;-;-;-;-;-;-;-;-;-;-;-;-;-;-;-;-;-;-;-;-;-;-;-;-;-;-;-;-;-;-;-;-;-;-;-;-;-;-;-;1;-;-;-;-;-;-;-;-;-;-;-;-;-;1;-;-;-;-;-;-;-;-;1;-;-;-;1;-;-;-;-;-;-;1;-;3;2;-;-;-;-;-;-;-;-;-;-;1;1;-;-;-;-;-;-;-;-;-;-;-;-;-;-;-;-;-;-;-;-;-;-;-;-;-;1;-;-;-;-;-;-;-;-;1;2;1;1;-;-;-;-;-;-;-;-;-;-;19
"510682 Porto Esperidião";-;-;-;-;-;-;-;-;-;-;-;-;-;-;-;-;-;1;1;-;-;-;1;-;2;-;4;3;2;1;-;-;-;-;-;-;-;-;1;-;-;-;-;-;-;-;-;-;-;-;-;-;-;-;-;-;-;-;-;1;-;-;-;1;-;-;-;-;-;-;-;-;-;-;-;1;-;-;-;-;-;-;-;-;-;-;-;-;-;-;-;-;-;-;-;-;-;-;-;-;-;-;-;-;-;-;-;-;-;-;-;-;-;-;-;-;-;-;-;-;-;-;-;-;-;-;1;-;-;-;-;-;-;-;-;-;-;-;-;-;-;-;-;-;-;-;-;-;1;-;-;1;-;-;1;-;-;-;1;-;-;24
"510685 Porto Estrela";-;-;-;-;-;-;-;-;-;-;-;-;-;-;-;-;-;-;-;-;-;1;-;-;-;-;1;5;1;-;-;1;-;-;-;-;-;-;-;-;-;-;-;-;-;-;-;-;-;-;-;-;-;-;-;-;-;-;-;-;-;-;-;-;-;-;-;-;-;-;-;-;-;-;-;-;-;-;-;-;-;-;-;-;-;-;-;-;-;-;-;-;-;-;-;-;-;-;-;-;-;-;-;-;-;-;-;-;-;-;-;-;-;-;-;-;-;-;-;-;-;-;-;-;-;-;-;-;-;-;-;-;-;-;-;-;-;-;-;-;-;-;-;-;-;-;-;-;-;-;-;-;-;-;-;-;-;-;-;-;-;9
"510700 Poxoréo";-;-;5;2;-;5;3;3;-;1;-;1;1;-;1;-;-;3;-;-;-;-;-;-;-;-;6;11;20;13;3;3;-;-;-;-;-;1;-;3;-;-;3;1;1;-;-;3;1;3;2;1;3;2;3;1;1;-;2;-;2;3;11;7;3;2;-;2;-;1;1;1;1;1;2;1;1;1;-;1;-;1;-;-;-;2;-;2;2;-;2;1;5;2;1;2;-;-;3;4;2;1;1;1;-;-;1;-;1;1;-;-;1;3;3;-;1;-;-;-;-;-;-;1;3;-;-;-;-;-;-;-;-;-;1;2;2;1;-;1;1;-;-;-;1;-;1;-;2;-;-;-;-;-;-;-;1;-;-;-;-;213
"510704 Primavera do Leste";-;-;-;-;-;-;-;-;-;-;-;-;-;-;-;1;-;-;1;-;-;-;-;-;-;3;21;36;16;1;1;-;-;-;-;1;1;-;1;-;-;-;-;-;1;-;-;-;-;1;-;-;-;-;-;-;2;1;1;2;-;-;8;8;15;8;9;5;4;-;-;1;-;1;1;2;1;1;1;-;-;-;-;-;-;-;-;-;1;4;3;8;4;4;1;-;1;-;3;6;3;-;1;1;-;-;-;-;-;-;-;-;-;-;-;-;-;-;-;-;-;-;-;-;-;-;-;1;-;-;-;-;-;-;-;-;-;4;-;4;1;-;-;-;-;-;-;2;5;22;5;2;-;-;-;-;-;1;-;-;1;244
"510706 Querência";-;-;-;-;-;-;-;-;-;-;-;-;-;-;-;-;2;-;2;3;12;4;5;1;-;-;1;3;6;9;6;-;-;-;-;-;-;-;-;-;-;-;-;-;-;-;-;-;-;-;-;-;-;-;-;2;-;-;-;-;-;-;-;1;1;2;4;5;1;-;-;-;-;-;-;-;1;-;-;-;-;-;-;-;-;-;-;-;-;-;1;-;-;-;-;-;-;-;-;1;5;5;7;5;-;-;-;-;-;-;-;-;-;-;-;-;-;-;-;-;-;1;-;1;-;-;-;-;1;4;-;1;-;-;-;11;4;8;1;1;3;-;1;1;-;1;1;-;-;-;-;-;-;2;-;-;-;-;-;-;-;137
"510715 Reserva do Cabaçal";-;-;-;-;-;-;-;-;-;-;-;-;-;-;-;-;-;-;1;-;-;-;-;-;-;-;-;4;2;-;-;-;-;-;-;-;-;-;-;-;-;-;-;-;-;-;-;-;-;-;-;-;-;-;-;-;-;-;-;-;-;-;-;-;-;1;-;-;-;-;-;-;-;-;-;-;-;-;-;-;-;-;-;-;-;-;-;-;-;-;-;-;-;-;-;-;-;-;-;-;-;-;-;-;-;-;-;-;-;-;-;-;-;-;-;-;-;-;-;-;-;-;-;-;-;-;-;-;-;-;-;-;-;-;-;-;-;-;-;-;-;-;-;-;-;-;-;-;-;-;-;-;-;-;-;-;-;-;-;-;-;8
"510718 Ribeirão Cascalheira";-;-;-;-;-;5;1;2;-;-;-;-;-;-;-;1;-;-;-;1;-;-;-;-;-;-;-;-;-;1;-;-;1;-;-;-;-;-;-;2;-;-;4;-;-;-;1;4;2;1;4;4;6;2;-;1;-;-;-;-;-;-;-;2;3;-;1;1;2;-;1;-;-;1;-;-;-;-;-;-;-;-;-;-;-;-;-;-;-;-;1;-;-;-;-;-;-;-;-;-;1;-;-;-;-;-;-;-;-;-;-;-;-;-;-;-;-;-;-;-;-;-;-;-;-;-;-;2;1;-;-;-;-;-;1;-;3;6;1;4;2;-;-;-;-;1;-;-;-;-;-;-;-;1;-;-;-;-;-;-;-;78
"510719 Ribeirãozinho";-;-;-;-;-;-;-;-;-;-;-;-;-;-;-;-;-;-;-;-;-;-;-;-;-;-;-;-;7;4;11;1;-;-;-;-;-;-;-;-;-;-;-;-;-;-;-;-;-;-;-;-;-;-;-;-;-;-;-;-;-;-;-;-;-;-;-;-;-;-;-;-;-;-;-;-;-;-;-;-;-;-;-;-;-;-;-;-;-;-;-;-;-;-;-;-;-;-;-;-;-;-;-;-;-;-;-;-;-;-;-;-;-;-;-;-;-;-;-;-;-;-;-;-;-;-;-;1;1;-;-;-;-;-;-;-;-;-;-;-;-;-;-;-;-;-;-;-;-;-;-;-;-;-;-;-;-;-;-;-;-;25
"510720 Rio Branco";-;-;-;-;-;-;-;-;-;-;-;-;-;-;-;3;1;1;-;-;-;-;-;-;-;1;1;-;-;-;-;-;-;-;-;-;-;-;-;-;-;-;-;-;-;-;-;-;-;-;-;-;-;-;3;1;4;2;-;-;-;-;-;3;6;-;-;-;-;-;-;-;-;-;-;1;1;-;1;1;-;1;-;-;-;-;-;-;-;3;-;-;-;1;-;-;-;1;1;4;1;-;-;-;-;-;-;-;-;-;-;-;1;1;-;-;-;-;-;-;-;-;-;-;-;-;-;-;-;-;-;-;-;-;-;-;-;-;-;-;-;-;-;1;-;-;-;1;1;-;-;-;-;-;-;-;-;-;-;-;-;47
"510757 Rondolândia";-;-;-;-;-;-;-;-;-;-;-;-;-;-;-;1;-;-;-;1;-;-;-;-;-;-;-;-;-;-;-;-;-;-;-;-;-;-;-;-;-;-;-;-;-;-;-;-;-;-;-;-;-;-;-;-;-;-;-;-;-;-;-;-;-;-;-;1;-;1;-;-;-;-;-;-;-;-;-;-;-;-;-;-;-;-;-;-;-;-;-;-;-;-;-;-;-;-;-;-;-;-;-;-;-;-;-;-;-;-;-;-;-;-;-;1;-;-;-;-;-;-;-;-;-;-;-;-;-;-;-;-;-;-;-;-;-;-;-;-;-;-;-;-;-;-;-;-;-;-;-;-;-;-;-;-;-;-;-;-;-;5
"510760 Rondonópolis";-;1;-;1;-;-;2;1;1;-;-;1;-;-;1;-;1;11;12;48;23;19;2;9;15;11;53;73;56;42;12;6;1;-;1;-;-;-;-;2;-;-;-;-;-;-;-;-;-;1;1;1;1;3;4;3;2;3;-;2;1;-;5;3;6;5;3;2;2;-;-;3;2;-;1;-;-;-;-;-;-;-;1;-;-;-;-;-;1;2;4;6;1;-;-;-;-;1;-;-;-;2;-;1;-;-;-;1;-;3;2;2;3;-;2;1;-;1;2;-;-;-;-;1;-;1;-;-;-;-;-;-;-;-;1;-;-;2;1;3;-;3;1;3;-;1;-;5;24;26;17;3;3;-;1;-;-;-;-;-;-;591
"510770 Rosário Oeste";-;-;-;-;-;-;-;-;-;-;-;-;-;-;2;2;5;5;-;-;-;-;-;-;3;2;4;5;3;5;4;1;-;-;-;-;-;3;-;-;-;1;8;-;-;-;-;-;-;1;1;1;2;1;-;-;3;-;-;-;-;2;-;1;2;3;-;-;-;-;-;-;-;-;-;-;-;-;2;-;2;3;-;-;1;-;-;-;-;-;-;-;1;-;-;-;-;-;-;-;-;-;-;1;2;-;-;-;3;3;2;7;12;7;5;-;-;-;1;-;1;-;-;9;17;17;5;-;-;-;-;-;-;-;-;4;1;-;2;3;1;1;2;-;1;3;1;2;1;3;1;-;2;-;1;-;-;1;1;-;-;202
"510775 Salto do Céu";-;-;1;-;-;-;-;-;-;-;-;-;-;-;-;-;-;-;-;-;-;-;-;-;-;-;-;-;-;-;1;-;-;-;-;-;-;-;-;-;-;-;-;-;-;-;-;-;-;-;-;-;-;-;1;2;-;-;-;-;-;-;-;1;-;-;-;-;-;-;-;-;-;-;-;-;-;-;-;3;-;-;-;-;-;-;-;-;-;-;-;1;-;-;-;-;-;-;-;-;1;-;-;-;-;-;-;-;-;-;-;-;-;-;-;-;-;-;-;-;-;-;-;-;-;-;-;-;-;-;-;-;-;-;-;-;-;-;-;-;-;-;-;-;-;-;1;1;-;-;-;-;-;-;-;-;-;-;-;-;-;13
"510724 Santa Carmem";-;-;-;-;-;-;-;1;-;-;-;-;-;-;-;-;-;-;-;-;1;-;-;-;-;-;3;1;1;-;-;-;-;-;-;-;1;-;-;-;-;-;-;-;-;-;-;-;-;-;-;-;-;-;-;-;-;1;-;-;-;-;-;-;-;-;-;-;-;-;-;-;1;-;-;-;-;-;-;-;-;-;-;-;-;-;-;-;-;-;-;-;-;-;-;-;-;-;-;-;-;-;-;-;-;-;-;-;-;-;-;-;-;-;-;-;-;-;-;-;-;-;-;-;-;-;-;-;-;-;-;-;-;-;-;-;-;-;-;-;-;-;-;-;-;-;1;1;-;-;1;-;-;-;-;-;-;-;-;-;1;14
"510774 Santa Cruz do Xingu";-;-;-;-;-;-;-;-;-;-;-;-;-;-;-;-;-;-;-;-;-;-;-;-;-;-;-;-;-;-;-;-;-;-;-;-;-;-;-;-;-;-;-;-;-;-;-;-;-;-;-;-;-;-;-;-;-;-;-;-;-;-;-;-;-;-;-;-;-;-;-;-;-;-;-;-;-;-;-;-;-;-;-;-;-;-;-;-;-;-;-;-;-;-;-;-;-;-;-;-;-;-;-;-;-;-;-;-;-;-;-;-;-;-;-;-;-;-;-;-;-;-;-;-;-;-;-;-;-;-;-;-;-;-;-;-;-;-;-;1;-;-;-;-;-;-;-;-;-;-;-;-;-;-;-;-;-;-;-;-;-;1
"510776 Santa Rita do Trivelato";-;-;-;-;-;-;-;-;-;-;-;-;-;-;-;-;-;-;-;-;-;-;-;-;-;-;-;-;-;1;-;-;-;-;-;-;-;-;-;-;-;-;-;-;-;-;-;-;-;-;-;-;-;-;-;-;-;-;-;-;-;-;-;-;-;-;-;-;-;-;-;-;-;-;-;-;-;-;-;-;-;-;-;-;-;-;-;-;-;-;-;-;1;-;-;-;-;-;-;-;-;-;-;-;-;-;-;-;-;-;-;-;-;-;-;-;-;-;-;-;-;-;-;-;-;-;-;-;-;-;-;-;-;-;-;-;-;-;-;-;-;-;-;-;-;-;-;-;-;-;-;1;-;-;-;-;-;-;-;-;-;3
"510777 Santa Terezinha";-;-;-;-;-;-;-;-;-;-;-;-;-;-;-;1;-;-;-;-;-;-;-;-;-;-;-;-;-;-;-;-;1;-;-;-;-;-;-;-;-;-;-;-;-;-;-;-;-;-;-;-;-;-;-;-;-;-;-;-;-;-;-;-;-;-;-;-;-;-;-;-;-;-;-;-;-;-;-;-;-;-;-;-;-;-;-;-;-;-;-;-;-;-;-;-;-;-;-;-;-;-;-;-;-;-;-;-;-;-;-;-;-;-;-;-;-;-;-;-;2;-;-;-;-;-;-;-;-;-;-;-;-;-;-;-;1;-;-;1;-;-;-;-;-;-;-;-;-;-;-;-;-;-;-;-;-;-;-;-;-;6
"510726 Santo Afonso";-;-;-;-;-;1;-;-;1;1;-;-;-;-;-;1;-;-;1;1;-;1;1;-;-;-;-;-;1;2;1;-;-;-;-;-;-;1;-;-;-;-;-;-;-;-;-;-;-;-;-;-;-;-;-;2;-;-;-;3;-;-;-;-;-;-;-;-;-;-;-;-;-;-;-;-;-;-;-;-;-;-;-;-;-;-;-;-;-;-;-;-;-;-;-;-;-;2;-;1;-;-;-;-;-;-;-;-;-;-;-;-;-;-;-;-;-;-;-;-;-;-;-;-;-;-;-;-;-;-;-;-;-;-;-;-;-;-;-;-;-;-;-;-;-;-;-;-;-;-;-;-;-;-;-;-;-;-;-;-;-;21
"510779 Santo Antônio do Leste";-;-;-;-;-;-;-;-;-;-;-;-;-;-;-;-;-;-;-;-;-;-;-;-;-;1;-;-;-;-;1;-;-;-;-;-;-;-;-;-;-;-;-;-;-;-;-;-;-;-;-;-;-;-;-;-;-;-;-;-;-;-;-;-;-;-;-;-;1;-;-;-;-;-;-;-;-;-;-;-;-;-;-;-;-;-;-;-;-;-;-;-;3;-;-;-;-;-;-;1;-;-;-;-;-;-;-;-;-;-;-;-;-;-;-;-;-;-;-;-;-;-;-;-;-;-;-;-;-;-;-;-;-;-;-;-;-;-;-;-;-;-;-;-;-;-;-;-;-;-;-;-;-;-;-;-;-;-;-;-;-;7
"510780 Santo Antônio do Leverger";-;-;-;-;-;-;-;-;-;-;-;-;-;-;-;-;-;3;6;5;6;1;3;-;-;1;-;5;3;3;-;-;-;3;1;1;-;2;1;1;-;1;2;1;-;-;-;1;-;-;-;-;2;1;1;1;-;-;-;-;-;-;-;-;-;-;-;-;-;-;-;-;-;-;-;-;-;-;-;-;-;-;-;-;-;-;-;-;-;-;-;-;-;-;-;-;-;-;-;-;-;-;-;-;-;-;-;-;1;-;-;-;-;-;-;-;-;-;-;-;-;-;-;-;-;-;-;-;-;-;-;-;-;-;-;-;-;-;-;-;-;-;-;-;-;-;-;-;-;-;-;-;-;-;-;-;-;-;-;-;-;56
"510785 São Félix do Araguaia";-;-;-;-;-;7;3;-;-;-;1;1;1;-;1;-;3;-;1;1;-;-;-;-;-;-;-;8;8;7;1;-;-;-;-;-;-;-;3;-;-;-;-;-;2;-;-;-;-;-;-;2;-;1;-;2;-;-;-;-;-;4;1;1;2;-;1;2;-;-;-;-;-;-;-;1;-;-;1;-;-;-;-;-;-;-;-;-;-;-;2;1;-;-;-;-;-;-;-;-;1;2;-;1;-;-;-;-;-;-;-;-;-;-;-;-;-;-;-;-;-;-;-;-;1;-;-;-;-;-;-;-;-;-;-;2;1;-;-;-;1;-;-;-;1;-;-;-;-;2;-;-;-;-;-;-;-;-;-;-;-;81
"510729 São José do Povo";-;-;-;-;-;-;-;-;-;-;-;-;-;-;-;-;-;-;-;-;-;-;-;-;-;-;-;1;-;-;-;-;-;-;-;-;-;-;-;-;-;-;-;-;-;-;-;-;-;-;-;-;-;-;-;-;-;-;-;-;-;-;-;-;-;-;-;-;-;-;-;-;-;-;-;-;-;-;-;-;-;-;-;-;-;-;-;-;-;-;-;-;-;-;-;-;-;-;-;-;-;-;-;-;-;-;-;-;-;-;-;-;-;-;-;-;-;-;-;-;-;-;-;-;-;-;-;-;-;-;-;-;-;-;-;-;-;-;-;-;-;-;-;-;-;-;-;-;-;-;-;-;-;-;-;-;-;-;-;-;-;1
"510730 São José do Rio Claro";-;-;-;-;-;-;-;-;-;-;-;-;-;-;-;-;-;1;1;1;1;-;-;-;-;2;2;9;12;1;1;1;-;-;-;-;-;-;-;-;-;-;-;1;1;-;-;-;-;-;-;-;-;-;-;1;2;1;-;-;-;-;-;-;1;1;1;-;-;1;-;1;-;-;-;-;-;-;1;-;-;-;-;-;-;-;-;-;-;-;1;-;-;-;-;-;-;-;-;-;-;-;-;-;-;-;-;-;-;-;-;-;-;-;-;-;-;-;-;-;-;-;-;-;-;-;-;-;-;-;-;-;-;-;-;-;-;-;1;-;1;-;-;-;-;-;1;-;-;1;3;6;2;1;2;-;-;-;-;-;-;63
"510735 São José do Xingu";-;-;4;12;1;3;1;-;-;-;-;-;-;-;-;-;-;9;8;1;2;3;1;1;-;-;-;-;2;2;1;2;2;-;1;-;1;1;-;-;-;-;1;-;-;-;-;-;-;-;-;-;-;-;-;-;1;-;-;-;-;-;-;-;-;1;-;-;-;-;1;-;-;-;-;-;-;-;-;-;-;-;-;-;-;-;-;-;-;-;-;-;-;-;-;-;-;1;-;-;-;-;-;-;-;-;-;-;-;-;-;-;-;-;-;-;-;-;-;-;-;-;-;-;-;-;-;-;-;-;-;-;-;-;-;-;-;1;-;1;-;-;-;-;-;-;-;-;-;-;-;1;-;-;-;-;-;-;-;-;-;66
"510710 São José dos Quatro Marcos";-;-;-;-;1;1;-;1;-;-;-;-;-;-;-;-;-;5;1;1;-;-;-;1;3;-;3;26;39;9;1;-;-;-;-;-;-;-;-;-;-;-;-;-;-;-;-;-;-;-;-;-;-;1;13;6;4;5;4;-;-;2;-;-;-;-;-;-;-;-;-;-;-;-;-;-;-;-;-;-;-;-;-;-;-;-;-;-;-;-;-;-;-;-;-;-;-;-;-;-;-;-;-;-;-;-;-;-;-;-;-;-;-;-;-;-;-;-;-;-;-;-;-;-;-;1;-;-;-;-;-;-;-;-;-;-;-;-;-;-;-;-;-;-;-;-;-;1;-;-;-;-;-;-;1;-;-;-;-;-;-;130
"510740 São Pedro da Cipa";-;-;-;-;-;-;-;-;-;-;-;-;-;-;-;-;-;1;4;3;2;-;-;-;-;-;-;-;-;1;-;-;-;-;-;-;-;-;-;-;-;-;-;1;-;-;-;-;-;1;-;-;-;-;-;-;-;-;-;-;-;-;-;-;-;-;-;-;-;-;-;-;-;-;-;-;-;-;-;-;-;-;-;-;-;-;-;-;-;-;-;-;-;-;-;-;-;-;-;-;2;-;-;-;-;-;-;-;-;-;-;-;-;-;-;-;-;-;-;-;-;-;-;-;-;-;-;-;-;-;-;-;-;-;-;-;-;-;-;-;1;-;-;-;-;-;-;-;-;-;-;-;-;-;-;-;-;-;-;-;-;16
"510787 Sapezal";1;-;-;-;-;-;-;-;-;-;-;-;-;-;-;-;-;-;1;-;-;1;-;-;-;-;3;-;-;-;1;-;-;-;-;-;-;-;-;-;-;-;-;-;-;-;-;-;-;-;-;-;-;-;5;3;5;-;-;-;-;-;-;-;-;-;-;-;-;-;-;-;-;-;-;-;-;-;-;-;-;-;-;-;-;-;-;-;-;-;1;-;-;-;-;-;-;-;-;-;-;-;-;-;-;-;-;-;-;-;-;1;2;-;-;-;-;1;-;-;-;-;-;-;-;-;1;-;-;-;1;-;-;-;-;-;-;-;-;-;-;-;-;-;-;-;1;-;3;2;-;2;-;-;1;-;-;-;-;-;-;36
"510788 Serra Nova Dourada";-;-;-;-;-;-;1;-;-;-;-;-;-;-;-;-;-;-;-;-;-;-;-;-;-;-;-;-;-;-;-;-;-;-;-;-;-;-;-;-;-;-;-;-;-;-;-;-;-;-;-;-;-;-;-;-;-;-;-;-;-;-;-;-;-;-;-;-;-;-;-;-;-;-;-;-;-;-;-;1;-;-;-;-;-;-;-;-;-;-;-;-;-;-;-;-;-;-;-;-;-;-;-;-;-;-;-;-;-;-;-;-;-;-;-;-;-;-;-;-;-;-;-;-;-;-;-;-;-;-;-;-;-;-;-;-;-;-;-;-;-;-;-;-;-;-;-;-;-;-;-;-;-;-;-;-;-;-;-;-;-;2
"510790 Sinop";-;-;-;3;4;4;3;4;1;1;1;-;-;-;-;1;1;1;7;10;7;10;6;2;3;5;13;22;14;7;3;2;4;1;-;1;-;1;1;2;2;3;5;-;1;2;1;1;-;1;-;8;5;7;1;5;6;7;4;1;1;-;4;3;4;8;8;6;9;3;4;-;2;-;4;2;4;9;1;1;-;-;-;-;-;2;4;5;1;-;2;8;4;-;1;1;3;1;4;2;3;1;-;-;-;-;-;-;1;-;-;-;-;-;-;-;-;-;-;-;-;-;-;-;1;1;-;-;1;-;-;-;-;-;-;-;-;-;-;-;-;1;-;-;-;-;5;22;23;10;2;11;4;5;-;-;-;-;-;-;1;408
"510792 Sorriso";-;-;-;-;1;-;-;1;1;-;-;-;-;-;-;-;-;-;-;-;1;6;5;3;12;46;46;31;15;6;6;2;1;-;-;1;-;-;-;1;1;-;-;-;-;-;1;-;1;1;6;9;6;9;3;-;3;1;-;-;2;1;1;-;5;4;5;1;1;-;-;-;-;-;1;-;1;-;1;-;-;-;1;-;1;1;-;-;-;1;-;-;3;4;-;1;-;-;1;1;1;-;-;2;-;-;-;2;3;-;-;-;-;-;-;1;-;-;-;-;-;-;-;-;-;1;1;-;-;-;-;-;-;-;-;-;1;-;-;1;-;-;-;-;-;-;-;2;3;2;-;7;3;1;-;1;3;2;3;8;5;316
"510794 Tabaporã";-;-;-;-;-;-;-;-;-;-;-;-;1;-;-;-;-;-;-;-;-;-;-;-;-;1;10;11;4;4;1;-;-;-;-;-;-;-;-;-;-;-;1;-;-;-;-;-;-;-;-;-;-;-;-;-;-;-;-;-;-;-;-;-;-;-;-;-;-;-;-;-;-;-;-;-;1;-;-;-;-;-;-;-;-;-;-;-;-;1;1;1;-;-;-;-;-;-;1;1;1;-;4;2;-;-;-;-;-;-;-;1;-;1;-;-;-;-;-;-;-;1;1;-;-;-;-;-;-;-;-;-;-;-;-;-;-;-;-;1;-;-;-;-;-;1;-;1;2;3;-;2;1;-;1;-;-;-;-;-;-;62
"510795 Tangará da Serra";-;1;-;-;-;-;-;-;-;-;-;-;1;-;1;-;4;9;30;62;31;2;-;-;-;-;8;13;11;27;7;3;3;-;1;1;-;2;1;-;-;-;-;-;-;1;1;-;2;2;1;2;3;4;11;22;2;2;-;1;-;2;4;10;5;4;3;2;4;-;-;-;1;-;-;1;-;-;3;-;1;-;-;-;-;-;1;-;1;3;2;3;-;2;2;-;1;1;1;-;2;-;-;-;-;-;-;-;-;-;-;-;2;-;-;-;-;-;-;-;-;-;-;-;1;-;-;-;-;-;-;-;-;-;-;-;-;1;2;4;5;2;1;-;-;2;-;6;8;7;-;2;-;-;1;1;-;-;-;1;-;377
"510800 Tapurah";-;-;-;-;-;-;1;-;-;-;-;-;-;-;-;-;-;-;4;4;4;2;-;-;-;-;2;9;11;10;7;10;5;2;2;-;1;-;1;3;1;4;-;2;1;-;1;1;-;-;1;2;3;5;3;3;4;2;-;-;1;-;-;2;1;1;-;-;-;2;-;-;-;-;-;-;-;-;-;-;-;-;-;-;-;-;-;-;-;1;2;-;-;3;-;2;3;-;6;7;15;8;5;1;-;1;-;1;2;3;2;-;1;1;2;-;-;-;-;-;-;1;-;1;-;1;-;-;-;-;-;-;1;2;-;1;-;3;3;-;-;1;3;1;3;6;5;9;13;14;9;2;-;1;-;-;-;-;-;-;-;264
"510805 Terra Nova do Norte";-;-;-;6;4;3;8;-;-;-;-;-;-;-;-;-;-;-;1;2;1;-;-;-;-;-;-;4;-;-;-;-;-;-;-;-;-;-;-;-;-;-;-;-;-;-;-;-;-;-;-;-;-;-;1;1;-;2;1;-;-;-;-;1;2;3;1;1;1;-;1;-;-;-;-;-;-;-;-;2;-;-;-;-;-;-;-;-;-;-;1;-;-;-;1;-;-;1;2;1;5;2;-;1;-;-;-;-;1;-;-;-;-;-;-;-;-;-;-;2;-;-;-;-;-;-;1;-;-;-;-;-;-;-;-;-;-;-;-;2;-;-;2;-;-;-;1;4;1;6;2;4;2;-;-;-;-;-;1;-;-;89
"510810 Tesouro";-;-;-;-;-;-;2;-;-;-;-;-;-;-;-;1;-;-;-;-;-;-;-;-;-;-;-;-;-;-;-;-;-;-;-;-;-;-;-;-;-;-;-;-;-;-;-;-;-;1;-;-;-;-;-;-;-;-;-;-;-;-;-;-;1;1;-;-;1;-;-;-;-;-;-;-;-;-;-;-;-;-;-;-;-;-;-;-;1;4;3;4;1;2;-;-;-;2;-;4;4;2;1;-;-;-;-;-;-;-;-;-;-;-;1;-;-;-;-;-;-;-;1;-;-;-;-;-;-;-;-;-;-;-;-;-;-;-;-;-;-;-;-;-;-;-;-;-;2;-;-;1;2;-;-;-;-;-;-;-;-;42
"510820 Torixoréu";-;-;-;-;-;1;-;-;-;-;-;-;-;-;-;2;-;-;-;-;-;-;-;-;-;1;-;5;-;3;1;-;-;-;-;-;-;-;-;4;4;4;8;1;2;-;1;-;1;1;-;-;-;3;6;-;3;2;11;1;-;2;1;5;3;5;-;1;1;1;-;-;1;1;2;-;1;4;3;3;-;-;-;3;-;2;4;7;7;7;1;7;-;-;-;-;-;1;1;5;3;6;2;1;-;-;-;1;2;2;1;-;1;2;4;1;-;1;3;2;3;3;-;7;5;4;4;-;-;-;1;-;-;2;-;3;1;2;4;7;4;3;4;-;1;-;1;4;3;-;2;-;1;-;-;-;2;1;1;-;-;249
"510830 União do Sul";-;-;-;-;-;-;-;-;-;-;-;-;-;-;-;-;-;-;-;-;-;-;-;-;-;-;-;-;-;-;-;-;-;-;-;-;-;-;-;-;-;-;-;-;-;-;-;-;-;-;-;-;1;-;-;-;-;-;-;-;-;-;-;-;-;-;-;-;-;-;-;-;-;-;-;-;-;-;-;-;-;-;-;-;-;-;-;-;-;-;-;-;-;-;-;-;-;-;-;-;-;-;-;-;-;-;-;-;-;-;-;-;-;-;-;-;-;-;-;-;-;-;-;-;-;-;-;-;-;-;-;-;-;-;-;-;-;-;-;-;-;-;-;-;-;-;-;-;-;-;-;-;-;-;1;-;-;-;-;-;-;2
"510835 Vale de São Domingos";-;-;-;-;-;-;1;-;-;-;-;-;-;1;-;-;-;-;1;-;1;1;1;-;2;-;-;2;2;1;2;-;-;-;2;-;-;1;-;1;-;3;-;-;-;-;-;-;-;1;-;-;-;-;2;-;1;-;-;-;-;-;-;-;-;1;-;2;-;-;-;-;-;1;1;-;-;-;-;-;-;-;-;-;-;-;-;-;1;-;-;-;-;-;-;-;-;-;-;-;-;-;-;-;-;-;-;-;-;-;-;-;-;-;-;-;-;-;-;-;-;-;-;-;-;-;-;-;-;-;-;-;-;-;-;1;-;-;-;-;-;-;-;-;-;-;-;-;2;1;-;-;-;-;-;-;-;-;-;-;-;36
"510840 Várzea Grande";1;1;3;8;2;3;5;1;-;-;1;-;1;1;1;5;19;85;247;208;103;55;40;27;32;99;192;147;127;52;17;8;7;9;6;14;2;10;10;18;5;11;9;2;5;1;1;3;2;3;7;20;94;97;60;23;8;4;1;3;3;3;4;5;5;19;10;2;2;6;-;-;3;4;1;5;1;1;3;2;1;1;-;-;-;3;2;2;3;3;10;5;4;2;6;2;-;-;2;3;3;1;1;1;-;1;-;1;-;3;2;1;2;6;3;1;1;-;-;1;-;-;3;2;3;-;1;-;2;-;1;-;-;1;-;-;1;4;-;-;-;-;-;-;-;1;-;4;3;3;2;6;2;1;-;1;-;1;-;-;1;2125
"510850 Vera";-;-;-;-;-;-;-;-;-;-;-;-;-;-;-;-;-;-;-;1;-;-;-;-;-;-;-;4;1;1;3;1;-;-;-;-;-;-;-;-;-;-;-;-;-;-;-;-;-;-;-;-;-;-;1;-;-;-;-;-;1;-;-;-;1;-;-;-;-;-;-;-;-;-;-;-;-;-;-;-;-;-;1;-;-;-;-;-;-;-;-;-;-;-;-;-;-;-;-;-;-;-;-;-;-;-;-;-;-;-;-;-;-;-;-;1;-;-;-;-;-;-;-;-;-;-;-;1;-;-;-;-;-;-;-;-;-;1;1;-;-;-;3;-;-;-;-;-;1;6;3;1;-;-;-;-;-;-;1;-;1;35
"510550 Vila Bela da Santíssima Trindade";-;-;1;2;2;23;3;-;-;-;2;-;-;-;-;-;-;7;3;2;1;1;-;2;-;3;30;21;17;4;3;-;-;-;-;1;1;-;3;-;-;-;-;-;-;-;-;-;-;-;6;6;4;1;1;4;2;5;-;2;-;-;3;38;23;25;15;8;1;-;-;1;-;-;-;1;-;-;-;2;-;-;-;-;-;-;-;1;-;-;-;-;-;-;-;-;-;-;-;-;-;-;-;-;-;-;-;-;-;-;-;-;-;-;-;-;-;-;4;-;-;-;4;2;6;1;3;-;-;-;2;1;3;-;-;-;2;2;2;4;1;-;-;-;2;1;1;4;12;6;1;1;-;-;-;1;-;-;-;-;-;347
"510860 Vila Rica";-;-;-;-;-;-;-;-;-;-;-;-;-;-;-;-;-;-;-;-;-;-;-;-;-;-;-;-;-;-;-;1;-;-;-;-;-;-;-;-;-;-;-;-;-;-;-;-;-;-;-;-;-;-;-;-;-;-;-;-;-;-;-;-;-;-;-;-;-;-;-;-;-;-;-;-;-;-;-;-;-;-;-;-;-;-;-;-;-;-;-;-;-;-;-;-;-;-;-;-;-;-;-;-;-;-;-;-;-;-;-;-;-;-;-;-;-;-;-;-;-;-;-;-;-;-;-;-;-;-;-;-;-;-;1;1;2;-;3;-;-;-;-;-;2;-;-;-;-;-;-;-;-;-;-;-;-;-;-;1;-;11
"Total";7;8;30;115;126;149;143;71;47;17;9;11;15;16;26;50;101;308;654;761;376;207;145;145;249;569;1061;1240;909;660;281;151;99;65;47;47;37;84;184;207;90;107;112;67;37;21;20;45;54;91;137;197;388;466;438;301;204;130;116;64;106;154;212;401;371;274;230;127;79;58;46;37;43;58;54;52;61;79;68;64;33;28;20;13;31;34;43;44;69;86;126;175;114;54;39;22;20;38;121;171;176;96;66;36;13;11;7;16;26;34;34;39;51;57;51;25;28;19;25;23;15;14;18;63;73;55;40;35;26;17;14;9;17;15;23;53;62;85;70;108;75;37;33;23;33;48;109;256;314;269;159;141;81;43;24;16;22;22;16;36;33;19802